location,temperature,humidity,wind_speed,rainfall,crowd_density,time_of_day,disruption,timestamp
"Colombo,LK",27.79,81,6.69,0.0,0.66,morning,0,
"Colombo,LK",27.79,81,6.69,0.0,2.62,morning,0,
"Colombo,LK",27.79,81,6.69,0.0,2.23,morning,0,
"Colombo,LK",27.79,81,6.69,0.0,1.17,morning,0,
"Colombo,LK",27.79,81,6.69,0.0,2.33,morning,0,
"Colombo,LK",27.79,81,6.69,0.0,3.63,morning,0,
"Colombo,LK",27.79,81,6.69,0.0,2.28,morning,0,
"Colombo,LK",27.79,81,6.69,0.0,2.73,morning,0,
"Colombo,LK",27.79,81,6.69,0.0,4.77,morning,0,
"Colombo,LK",27.79,81,6.69,0.0,1.39,morning,0,
"Malabe,LK",28.3,79,5.55,0.0,5.44,morning,1,
"Malabe,LK",28.3,79,5.55,0.0,2.7,morning,0,
"Malabe,LK",28.3,79,5.55,0.0,4.08,morning,0,
"Malabe,LK",28.3,79,5.55,0.0,4.11,morning,0,
"Malabe,LK",28.3,79,5.55,0.0,1.16,morning,0,
"Malabe,LK",28.3,79,5.55,0.0,5.25,morning,1,
"Malabe,LK",28.3,79,5.55,0.0,2.67,morning,0,
"Malabe,LK",28.3,79,5.55,0.0,1.54,morning,0,
"Malabe,LK",28.3,79,5.55,0.0,2.81,morning,0,
"Malabe,LK",28.3,79,5.55,0.0,2.71,morning,0,
"Kandy,LK",25.56,83,1.8,0.0,4.06,morning,0,
"Kandy,LK",25.56,83,1.8,0.0,2.04,morning,0,
"Kandy,LK",25.56,83,1.8,0.0,3.43,morning,0,
"Kandy,LK",25.56,83,1.8,0.0,3.54,morning,0,
"Kandy,LK",25.56,83,1.8,0.0,5.33,morning,1,
"Kandy,LK",25.56,83,1.8,0.0,2.52,morning,0,
"Kandy,LK",25.56,83,1.8,0.0,5.34,morning,1,
"Kandy,LK",25.56,83,1.8,0.0,2.56,morning,0,
"Kandy,LK",25.56,83,1.8,0.0,1.89,morning,0,
"Kandy,LK",25.56,83,1.8,0.0,2.69,morning,0,
"Galle,LK",28.89,82,8.18,0.0,0.59,morning,0,
"Galle,LK",28.89,82,8.18,0.0,0.6,morning,0,
"Galle,LK",28.89,82,8.18,0.0,1.57,morning,0,
"Galle,LK",28.89,82,8.18,0.0,4.21,morning,0,
"Galle,LK",28.89,82,8.18,0.0,2.31,morning,0,
"Galle,LK",28.89,82,8.18,0.0,1.38,morning,0,
"Galle,LK",28.89,82,8.18,0.0,1.97,morning,0,
"Galle,LK",28.89,82,8.18,0.0,2.47,morning,0,
"Galle,LK",28.89,82,8.18,0.0,5.31,morning,1,
"Galle,LK",28.89,82,8.18,0.0,1.85,morning,0,
"Jaffna,LK",29.52,69,3.89,0.0,1.09,morning,0,
"Jaffna,LK",29.52,69,3.89,0.0,4.15,morning,0,
"Jaffna,LK",29.52,69,3.89,0.0,2.85,morning,0,
"Jaffna,LK",29.52,69,3.89,0.0,2.0,morning,0,
"Jaffna,LK",29.52,69,3.89,0.0,1.35,morning,0,
"Jaffna,LK",29.52,69,3.89,0.0,3.82,morning,0,
"Jaffna,LK",29.52,69,3.89,0.0,0.6,morning,0,
"Jaffna,LK",29.52,69,3.89,0.0,1.34,morning,0,
"Jaffna,LK",29.52,69,3.89,0.0,4.14,morning,0,
"Jaffna,LK",29.52,69,3.89,0.0,1.37,morning,0,
"Anuradhapura,LK",33.21,49,3.03,0.0,2.94,morning,0,
"Anuradhapura,LK",33.21,49,3.03,0.0,1.34,morning,0,
"Anuradhapura,LK",33.21,49,3.03,0.0,4.41,morning,0,
"Anuradhapura,LK",33.21,49,3.03,0.0,1.38,morning,0,
"Anuradhapura,LK",33.21,49,3.03,0.0,4.01,morning,0,
"Anuradhapura,LK",33.21,49,3.03,0.0,5.34,morning,1,
"Anuradhapura,LK",33.21,49,3.03,0.0,1.67,morning,0,
"Anuradhapura,LK",33.21,49,3.03,0.0,4.69,morning,0,
"Anuradhapura,LK",33.21,49,3.03,0.0,2.66,morning,0,
"Anuradhapura,LK",33.21,49,3.03,0.0,2.23,morning,0,
"Colombo,LK",27.79,81,6.69,0.0,0.62,morning,0,2025-08-01T11:38:41.549326
"Colombo,LK",27.79,81,6.69,0.0,5.48,morning,1,2025-08-01T11:38:44.242109
"Colombo,LK",27.79,81,6.69,0.0,3.21,morning,0,2025-08-01T11:38:46.984853
"Colombo,LK",27.79,81,6.69,0.0,3.46,morning,0,2025-08-01T11:38:49.694021
"Colombo,LK",27.79,81,6.69,0.0,1.74,morning,0,2025-08-01T11:38:52.396005
"Colombo,LK",27.79,81,6.69,0.0,4.65,morning,0,2025-08-01T11:38:55.081045
"Colombo,LK",27.79,81,6.69,0.0,3.14,morning,0,2025-08-01T11:38:57.761733
"Colombo,LK",27.79,81,6.69,0.0,1.54,morning,0,2025-08-01T11:39:00.455733
"Colombo,LK",27.79,81,6.69,0.0,1.51,morning,0,2025-08-01T11:39:03.197006
"Colombo,LK",27.79,81,6.69,0.0,3.45,morning,0,2025-08-01T11:39:06.285802
"Malabe,LK",28.3,79,5.55,0.0,5.05,morning,1,2025-08-01T11:39:09.028930
"Malabe,LK",28.3,79,5.55,0.0,0.77,morning,0,2025-08-01T11:39:12.364065
"Malabe,LK",28.3,79,5.55,0.0,4.37,morning,0,2025-08-01T11:39:15.200229
"Malabe,LK",28.3,79,5.55,0.0,3.13,morning,0,2025-08-01T11:39:18.304223
"Malabe,LK",28.3,79,5.55,0.0,2.5,morning,0,2025-08-01T11:39:21.882121
"Malabe,LK",28.3,79,5.55,0.0,2.6,morning,0,2025-08-01T11:39:24.640561
"Malabe,LK",28.3,79,5.55,0.0,1.08,morning,0,2025-08-01T11:39:27.516918
"Malabe,LK",28.3,79,5.55,0.0,1.16,morning,0,2025-08-01T11:39:30.217290
"Malabe,LK",28.3,79,5.55,0.0,3.5,morning,0,2025-08-01T11:39:32.928147
"Malabe,LK",28.3,79,5.55,0.0,4.05,morning,0,2025-08-01T11:39:35.663822
"Kandy,LK",25.56,83,1.8,0.0,1.81,morning,0,2025-08-01T11:39:38.375873
"Kandy,LK",25.56,83,1.8,0.0,5.48,morning,1,2025-08-01T11:39:41.081945
"Kandy,LK",25.56,83,1.8,0.0,0.9,morning,0,2025-08-01T11:39:43.870451
"Kandy,LK",25.56,83,1.8,0.0,3.74,morning,0,2025-08-01T11:39:46.961868
"Kandy,LK",25.56,83,1.8,0.0,2.23,morning,0,2025-08-01T11:39:49.938931
"Kandy,LK",25.56,83,1.8,0.0,1.37,morning,0,2025-08-01T11:39:52.765964
"Kandy,LK",25.56,83,1.8,0.0,3.28,morning,0,2025-08-01T11:39:55.462712
"Kandy,LK",25.56,83,1.8,0.0,1.29,morning,0,2025-08-01T11:39:58.127078
"Kandy,LK",25.56,83,1.8,0.0,2.97,morning,0,2025-08-01T11:40:01.028342
"Kandy,LK",25.56,83,1.8,0.0,1.37,morning,0,2025-08-01T11:40:03.834919
"Galle,LK",28.89,82,8.18,0.0,4.91,morning,0,2025-08-01T11:40:06.553655
"Galle,LK",28.89,82,8.18,0.0,1.91,morning,0,2025-08-01T11:40:09.367324
"Galle,LK",28.89,82,8.18,0.0,2.59,morning,0,2025-08-01T11:40:12.665288
"Galle,LK",28.89,82,8.18,0.0,3.87,morning,0,2025-08-01T11:40:15.849598
"Galle,LK",28.89,82,8.18,0.0,4.82,morning,0,2025-08-01T11:40:18.684225
"Galle,LK",28.89,82,8.18,0.0,2.66,morning,0,2025-08-01T11:40:22.544065
"Galle,LK",28.89,82,8.18,0.0,2.58,morning,0,2025-08-01T11:40:25.586918
"Galle,LK",28.89,82,8.18,0.0,2.75,morning,0,2025-08-01T11:40:28.925933
"Galle,LK",28.89,82,8.18,0.0,5.25,morning,1,2025-08-01T11:40:32.049453
"Galle,LK",28.89,82,8.18,0.0,1.95,morning,0,2025-08-01T11:40:34.857705
"Jaffna,LK",29.52,69,3.89,0.0,5.42,morning,1,2025-08-01T11:40:37.702109
"Jaffna,LK",29.52,69,3.89,0.0,4.29,morning,0,2025-08-01T11:40:40.475034
"Jaffna,LK",29.52,69,3.89,0.0,5.2,morning,1,2025-08-01T11:40:43.179225
"Jaffna,LK",29.52,69,3.89,0.0,2.16,morning,0,2025-08-01T11:40:45.960494
"Jaffna,LK",29.52,69,3.89,0.0,3.27,morning,0,2025-08-01T11:40:48.685891
"Jaffna,LK",29.52,69,3.89,0.0,4.37,morning,0,2025-08-01T11:40:51.444829
"Jaffna,LK",29.52,69,3.89,0.0,4.1,morning,0,2025-08-01T11:40:54.175454
"Jaffna,LK",29.52,69,3.89,0.0,4.02,morning,0,2025-08-01T11:40:56.912122
"Jaffna,LK",29.52,69,3.89,0.0,3.67,morning,0,2025-08-01T11:40:59.632998
"Jaffna,LK",29.52,69,3.89,0.0,4.47,morning,0,2025-08-01T11:41:02.365193
"Anuradhapura,LK",33.21,49,3.03,0.0,2.89,morning,0,2025-08-01T11:41:05.515862
"Anuradhapura,LK",33.21,49,3.03,0.0,2.05,morning,0,2025-08-01T11:41:08.525737
"Anuradhapura,LK",33.21,49,3.03,0.0,2.72,morning,0,2025-08-01T11:41:11.454168
"Anuradhapura,LK",33.21,49,3.03,0.0,4.81,morning,0,2025-08-01T11:41:14.162929
"Anuradhapura,LK",33.21,49,3.03,0.0,2.54,morning,0,2025-08-01T11:41:17.433873
"Anuradhapura,LK",33.21,49,3.03,0.0,1.19,morning,0,2025-08-01T11:41:20.210181
"Anuradhapura,LK",33.21,49,3.03,0.0,2.66,morning,0,2025-08-01T11:41:22.895331
"Anuradhapura,LK",33.21,49,3.03,0.0,3.56,morning,0,2025-08-01T11:41:26.428093
"Anuradhapura,LK",33.21,49,3.03,0.0,4.78,morning,0,2025-08-01T11:41:29.238013
"Anuradhapura,LK",33.21,49,3.03,0.0,1.75,morning,0,2025-08-01T11:41:31.946688
"Nuwara Eliya,LK",18.08,72,1.24,0.0,2.34,morning,0,2025-08-01T11:41:34.665251
"Nuwara Eliya,LK",18.08,72,1.24,0.0,1.3,morning,0,2025-08-01T11:41:37.879644
"Nuwara Eliya,LK",18.08,72,1.24,0.0,3.84,morning,0,2025-08-01T11:41:41.721488
"Nuwara Eliya,LK",18.08,72,1.24,0.0,5.01,morning,1,2025-08-01T11:41:44.395352
"Nuwara Eliya,LK",18.08,72,1.24,0.0,3.06,morning,0,2025-08-01T11:41:47.736287
"Nuwara Eliya,LK",18.08,72,1.24,0.0,3.13,morning,0,2025-08-01T11:41:50.511790
"Nuwara Eliya,LK",18.08,72,1.24,0.0,4.5,morning,0,2025-08-01T11:41:53.232271
"Nuwara Eliya,LK",18.08,72,1.24,0.0,1.67,morning,0,2025-08-01T11:41:55.935144
"Nuwara Eliya,LK",18.08,72,1.24,0.0,2.77,morning,0,2025-08-01T11:41:59.651105
"Nuwara Eliya,LK",18.08,72,1.24,0.0,4.9,morning,0,2025-08-01T11:42:02.376649
"Nawalapitiya,LK",25.01,80,2.07,0.0,0.74,morning,0,2025-08-01T11:42:05.154035
"Nawalapitiya,LK",25.01,80,2.07,0.0,5.13,morning,1,2025-08-01T11:42:09.936325
"Nawalapitiya,LK",25.01,80,2.07,0.0,5.16,morning,1,2025-08-01T11:42:12.638041
"Nawalapitiya,LK",25.01,80,2.07,0.0,1.18,morning,0,2025-08-01T11:42:15.417911
"Nawalapitiya,LK",25.01,80,2.07,0.0,2.0,morning,0,2025-08-01T11:42:18.961861
"Nawalapitiya,LK",25.01,80,2.07,0.0,0.74,morning,0,2025-08-01T11:42:21.681665
"Nawalapitiya,LK",25.01,80,2.07,0.0,1.94,morning,0,2025-08-01T11:42:24.512273
"Nawalapitiya,LK",25.01,80,2.07,0.0,4.0,morning,0,2025-08-01T11:42:27.194034
"Nawalapitiya,LK",25.01,80,2.07,0.0,3.08,morning,0,2025-08-01T11:42:29.970256
"Nawalapitiya,LK",25.01,80,2.07,0.0,2.75,morning,0,2025-08-01T11:42:32.728233
"Hatton,LK",22.43,77,2.33,0.0,3.02,morning,0,2025-08-01T11:42:36.209971
"Hatton,LK",22.43,77,2.33,0.0,2.67,morning,0,2025-08-01T11:42:38.930481
"Hatton,LK",22.43,77,2.33,0.0,2.39,morning,0,2025-08-01T11:42:41.628569
"Hatton,LK",22.43,77,2.33,0.0,0.82,morning,0,2025-08-01T11:42:44.412282
"Hatton,LK",22.43,77,2.33,0.0,5.18,morning,1,2025-08-01T11:42:47.801765
"Hatton,LK",22.43,77,2.33,0.0,0.64,morning,0,2025-08-01T11:42:50.658376
"Hatton,LK",22.43,77,2.33,0.0,3.08,morning,0,2025-08-01T11:42:53.445618
"Hatton,LK",22.43,77,2.33,0.0,5.08,morning,1,2025-08-01T11:42:56.289429
"Hatton,LK",22.43,77,2.33,0.0,1.02,morning,0,2025-08-01T11:42:59.046691
"Hatton,LK",22.43,77,2.33,0.0,2.79,morning,0,2025-08-01T11:43:01.744326
"Colombo,LK",26.6,87,9.74,0.0,5.36,morning,1,2025-08-03T10:50:58.072101
"Colombo,LK",26.6,87,9.74,0.0,2.63,morning,0,2025-08-03T10:51:12.401539
"Colombo,LK",26.6,87,9.74,0.0,0.62,morning,0,2025-08-03T10:51:17.829995
"Colombo,LK",26.6,87,9.74,0.0,3.2,morning,0,2025-08-03T10:51:22.757239
"Colombo,LK",26.6,87,9.74,0.0,2.27,morning,0,2025-08-03T10:51:25.916054
"Colombo,LK",26.6,87,9.74,0.0,0.8,morning,0,2025-08-03T10:51:28.990619
"Colombo,LK",26.6,87,9.74,0.0,3.73,morning,0,2025-08-03T10:51:32.077350
"Colombo,LK",26.6,87,9.74,0.0,2.91,morning,0,2025-08-03T10:51:35.343730
"Colombo,LK",26.6,87,9.74,0.0,5.13,morning,1,2025-08-03T10:51:38.410725
"Colombo,LK",26.6,87,9.74,0.0,4.24,morning,0,2025-08-03T10:51:41.377619
"Malabe,LK",26.45,87,7.07,0.0,4.89,morning,0,2025-08-03T10:51:44.558970
"Malabe,LK",26.45,87,7.07,0.0,3.37,morning,0,2025-08-03T10:51:47.729908
"Malabe,LK",26.45,87,7.07,0.0,3.12,morning,0,2025-08-03T10:51:50.907775
"Malabe,LK",26.45,87,7.07,0.0,2.6,morning,0,2025-08-03T10:51:54.183289
"Malabe,LK",26.45,87,7.07,0.0,5.38,morning,1,2025-08-03T10:51:57.357368
"Malabe,LK",26.45,87,7.07,0.0,2.94,morning,0,2025-08-03T10:52:00.529267
"Malabe,LK",26.45,87,7.07,0.0,2.0,morning,0,2025-08-03T10:52:03.699003
"Malabe,LK",26.45,87,7.07,0.0,0.68,morning,0,2025-08-03T10:52:06.881321
"Malabe,LK",26.45,87,7.07,0.0,3.58,morning,0,2025-08-03T10:52:10.051006
"Malabe,LK",26.45,87,7.07,0.0,3.36,morning,0,2025-08-03T10:52:13.739478
"Kandy,LK",23.57,91,2.1,0.0,1.67,morning,0,2025-08-03T10:52:28.269531
"Kandy,LK",23.57,91,2.1,0.0,3.15,morning,0,2025-08-03T10:52:31.353056
"Kandy,LK",23.57,91,2.1,0.0,3.29,morning,0,2025-08-03T10:52:34.523008
"Kandy,LK",23.57,91,2.1,0.0,2.55,morning,0,2025-08-03T10:52:37.896649
"Kandy,LK",23.57,91,2.1,0.0,3.28,morning,0,2025-08-03T10:52:41.079589
"Kandy,LK",23.57,91,2.1,0.0,4.07,morning,0,2025-08-03T10:52:44.249257
"Kandy,LK",23.57,91,2.1,0.0,4.73,morning,0,2025-08-03T10:52:47.206709
"Kandy,LK",23.57,91,2.1,0.0,0.75,morning,0,2025-08-03T10:52:50.295427
"Kandy,LK",23.57,91,2.1,0.0,1.18,morning,0,2025-08-03T10:52:53.263766
"Kandy,LK",23.57,91,2.1,0.0,2.51,morning,0,2025-08-03T10:52:56.023552
"Galle,LK",26.38,81,8.95,0.0,1.08,morning,0,2025-08-03T10:52:59.102349
"Galle,LK",26.38,81,8.95,0.0,1.21,morning,0,2025-08-03T10:53:02.175378
"Galle,LK",26.38,81,8.95,0.0,5.29,morning,1,2025-08-03T10:53:05.470110
"Galle,LK",26.38,81,8.95,0.0,0.96,morning,0,2025-08-03T10:53:08.410020
"Galle,LK",26.38,81,8.95,0.0,3.49,morning,0,2025-08-03T10:53:11.581858
"Galle,LK",26.38,81,8.95,0.0,2.53,morning,0,2025-08-03T10:53:14.655511
"Galle,LK",26.38,81,8.95,0.0,2.32,morning,0,2025-08-03T10:53:17.735594
"Galle,LK",26.38,81,8.95,0.0,4.11,morning,0,2025-08-03T10:53:20.705522
"Galle,LK",26.38,81,8.95,0.0,2.88,morning,0,2025-08-03T10:53:23.777416
"Galle,LK",26.38,81,8.95,0.0,0.69,morning,0,2025-08-03T10:53:26.951454
"Jaffna,LK",27.17,83,4.22,0.0,4.5,morning,0,2025-08-03T10:53:30.023280
"Jaffna,LK",27.17,83,4.22,0.0,5.47,morning,1,2025-08-03T10:53:32.985863
"Jaffna,LK",27.17,83,4.22,0.0,2.12,morning,0,2025-08-03T10:53:36.051634
"Jaffna,LK",27.17,83,4.22,0.0,0.59,morning,0,2025-08-03T10:53:38.940815
"Jaffna,LK",27.17,83,4.22,0.0,2.48,morning,0,2025-08-03T10:53:42.105891
"Jaffna,LK",27.17,83,4.22,0.0,5.46,morning,1,2025-08-03T10:53:45.062697
"Jaffna,LK",27.17,83,4.22,0.0,0.75,morning,0,2025-08-03T10:53:48.141760
"Jaffna,LK",27.17,83,4.22,0.0,0.87,morning,0,2025-08-03T10:53:51.307454
"Jaffna,LK",27.17,83,4.22,0.0,1.44,morning,0,2025-08-03T10:53:54.286331
"Jaffna,LK",27.17,83,4.22,0.0,5.22,morning,1,2025-08-03T10:53:57.259245
"Anuradhapura,LK",29.2,67,4.74,0.18,2.36,morning,0,2025-08-03T10:54:00.429399
"Anuradhapura,LK",29.2,67,4.74,0.18,3.72,morning,0,2025-08-03T10:54:03.506012
"Anuradhapura,LK",29.2,67,4.74,0.18,0.69,morning,0,2025-08-03T10:54:06.578723
"Anuradhapura,LK",29.2,67,4.74,0.18,1.4,morning,0,2025-08-03T10:54:09.753509
"Anuradhapura,LK",29.2,67,4.74,0.18,5.28,morning,1,2025-08-03T10:54:12.839163
"Anuradhapura,LK",29.2,67,4.74,0.18,5.16,morning,1,2025-08-03T10:54:15.997530
"Anuradhapura,LK",29.2,67,4.74,0.18,5.0,morning,0,2025-08-03T10:54:18.964805
"Anuradhapura,LK",29.2,67,4.74,0.18,3.63,morning,0,2025-08-03T10:54:22.141106
"Anuradhapura,LK",29.2,67,4.74,0.18,4.92,morning,0,2025-08-03T10:54:25.216927
"Anuradhapura,LK",29.2,67,4.74,0.18,2.67,morning,0,2025-08-03T10:54:28.178931
"Nuwara Eliya,LK",14.72,87,1.59,0.0,1.54,morning,0,2025-08-03T10:54:31.037720
"Nuwara Eliya,LK",14.72,87,1.59,0.0,1.23,morning,0,2025-08-03T10:54:34.224260
"Nuwara Eliya,LK",14.72,87,1.59,0.0,1.44,morning,0,2025-08-03T10:54:37.186242
"Nuwara Eliya,LK",14.72,87,1.59,0.0,0.74,morning,0,2025-08-03T10:54:40.263079
"Nuwara Eliya,LK",14.72,87,1.59,0.0,3.38,morning,0,2025-08-03T10:54:43.310577
"Nuwara Eliya,LK",14.72,87,1.59,0.0,0.66,morning,0,2025-08-03T10:54:46.306302
"Nuwara Eliya,LK",14.72,87,1.59,0.0,4.05,morning,0,2025-08-03T10:54:49.380159
"Nuwara Eliya,LK",14.72,87,1.59,0.0,3.85,morning,0,2025-08-03T10:54:52.549693
"Nuwara Eliya,LK",14.72,87,1.59,0.0,1.75,morning,0,2025-08-03T10:54:55.624313
"Nuwara Eliya,LK",14.72,87,1.59,0.0,5.38,morning,1,2025-08-03T10:54:58.692744
"Nawalapitiya,LK",21.48,95,1.33,0.0,3.82,morning,0,2025-08-03T10:55:01.768309
"Nawalapitiya,LK",21.48,95,1.33,0.0,1.67,morning,0,2025-08-03T10:55:04.841228
"Nawalapitiya,LK",21.48,95,1.33,0.0,2.46,morning,0,2025-08-03T10:55:07.905093
"Nawalapitiya,LK",21.48,95,1.33,0.0,4.35,morning,0,2025-08-03T10:55:11.182279
"Nawalapitiya,LK",21.48,95,1.33,0.0,2.47,morning,0,2025-08-03T10:55:14.260167
"Nawalapitiya,LK",21.48,95,1.33,0.0,3.13,morning,0,2025-08-03T10:55:17.229519
"Nawalapitiya,LK",21.48,95,1.33,0.0,1.1,morning,0,2025-08-03T10:55:20.292801
"Nawalapitiya,LK",21.48,95,1.33,0.0,2.0,morning,0,2025-08-03T10:55:23.474755
"Nawalapitiya,LK",21.48,95,1.33,0.0,4.65,morning,0,2025-08-03T10:55:26.441504
"Nawalapitiya,LK",21.48,95,1.33,0.0,4.24,morning,0,2025-08-03T10:55:30.745156
"Hatton,LK",18.52,95,1.8,0.0,4.33,morning,0,2025-08-03T10:55:33.710972
"Hatton,LK",18.52,95,1.8,0.0,3.63,morning,0,2025-08-03T10:55:36.786013
"Hatton,LK",18.52,95,1.8,0.0,0.52,morning,0,2025-08-03T10:55:39.846091
"Hatton,LK",18.52,95,1.8,0.0,1.7,morning,0,2025-08-03T10:55:42.806313
"Hatton,LK",18.52,95,1.8,0.0,5.34,morning,1,2025-08-03T10:55:45.938334
"Hatton,LK",18.52,95,1.8,0.0,1.81,morning,0,2025-08-03T10:55:48.869580
"Hatton,LK",18.52,95,1.8,0.0,1.64,morning,0,2025-08-03T10:55:51.932018
"Hatton,LK",18.52,95,1.8,0.0,4.91,morning,0,2025-08-03T10:55:55.114864
"Hatton,LK",18.52,95,1.8,0.0,2.35,morning,0,2025-08-03T10:55:58.190241
"Hatton,LK",18.52,95,1.8,0.0,5.12,morning,1,2025-08-03T10:56:01.362206
"Colombo,LK",27.29,87,10.01,0.0,4.54,morning,0,2025-08-03T11:04:18.996807
"Colombo,LK",27.29,87,10.01,0.0,1.03,morning,0,2025-08-03T11:04:21.963442
"Colombo,LK",27.29,87,10.01,0.0,2.12,morning,0,2025-08-03T11:04:25.033502
"Colombo,LK",27.29,87,10.01,0.0,2.78,morning,0,2025-08-03T11:04:28.007294
"Colombo,LK",27.29,87,10.01,0.0,4.7,morning,0,2025-08-03T11:04:30.967551
"Colombo,LK",27.29,87,10.01,0.0,2.94,morning,0,2025-08-03T11:04:33.843625
"Colombo,LK",27.29,87,10.01,0.0,0.66,morning,0,2025-08-03T11:04:37.011495
"Colombo,LK",27.29,87,10.01,0.0,4.39,morning,0,2025-08-03T11:04:40.089335
"Colombo,LK",27.29,87,10.01,0.0,3.17,morning,0,2025-08-03T11:04:43.148004
"Colombo,LK",27.29,87,10.01,0.0,4.34,morning,0,2025-08-03T11:04:46.225027
"Malabe,LK",27.05,88,7.52,0.0,4.26,morning,0,2025-08-03T11:04:49.510423
"Malabe,LK",27.05,88,7.52,0.0,0.66,morning,0,2025-08-03T11:04:52.579387
"Malabe,LK",27.05,88,7.52,0.0,3.27,morning,0,2025-08-03T11:04:55.647583
"Malabe,LK",27.05,88,7.52,0.0,5.33,morning,1,2025-08-03T11:04:58.721422
"Malabe,LK",27.05,88,7.52,0.0,5.18,morning,1,2025-08-03T11:05:01.988741
"Malabe,LK",27.05,88,7.52,0.0,4.13,morning,0,2025-08-03T11:05:04.871890
"Malabe,LK",27.05,88,7.52,0.0,4.57,morning,0,2025-08-03T11:05:08.043208
"Malabe,LK",27.05,88,7.52,0.0,1.0,morning,0,2025-08-03T11:05:11.116383
"Malabe,LK",27.05,88,7.52,0.0,2.28,morning,0,2025-08-03T11:05:14.187372
"Malabe,LK",27.05,88,7.52,0.0,4.62,morning,0,2025-08-03T11:05:17.259303
"Kandy,LK",23.38,93,2.07,0.0,3.73,morning,0,2025-08-03T11:05:20.316985
"Kandy,LK",23.38,93,2.07,0.0,5.11,morning,1,2025-08-03T11:05:23.504778
"Kandy,LK",23.38,93,2.07,0.0,5.16,morning,1,2025-08-03T11:05:26.679815
"Kandy,LK",23.38,93,2.07,0.0,1.89,morning,0,2025-08-03T11:05:29.751555
"Kandy,LK",23.38,93,2.07,0.0,4.93,morning,0,2025-08-03T11:05:32.721508
"Kandy,LK",23.38,93,2.07,0.0,3.12,morning,0,2025-08-03T11:05:35.795913
"Kandy,LK",23.38,93,2.07,0.0,0.95,morning,0,2025-08-03T11:05:38.851737
"Kandy,LK",23.38,93,2.07,0.0,3.01,morning,0,2025-08-03T11:05:42.039361
"Kandy,LK",23.38,93,2.07,0.0,3.44,morning,0,2025-08-03T11:05:45.517130
"Kandy,LK",23.38,93,2.07,0.0,3.72,morning,0,2025-08-03T11:05:48.590669
"Galle,LK",26.38,83,9.45,0.0,3.97,morning,0,2025-08-03T11:05:51.558639
"Galle,LK",26.38,83,9.45,0.0,1.72,morning,0,2025-08-03T11:05:54.532509
"Galle,LK",26.38,83,9.45,0.0,4.59,morning,0,2025-08-03T11:05:57.696667
"Galle,LK",26.38,83,9.45,0.0,1.89,morning,0,2025-08-03T11:06:00.867141
"Galle,LK",26.38,83,9.45,0.0,2.23,morning,0,2025-08-03T11:06:03.748208
"Galle,LK",26.38,83,9.45,0.0,1.79,morning,0,2025-08-03T11:06:06.810677
"Galle,LK",26.38,83,9.45,0.0,1.6,morning,0,2025-08-03T11:06:09.891248
"Galle,LK",26.38,83,9.45,0.0,4.5,morning,0,2025-08-03T11:06:12.859414
"Galle,LK",26.38,83,9.45,0.0,3.26,morning,0,2025-08-03T11:06:15.932421
"Galle,LK",26.38,83,9.45,0.0,3.42,morning,0,2025-08-03T11:06:18.903885
"Jaffna,LK",27.65,79,4.24,0.0,5.1,morning,1,2025-08-03T11:06:22.073603
"Jaffna,LK",27.65,79,4.24,0.0,4.87,morning,0,2025-08-03T11:06:25.152431
"Jaffna,LK",27.65,79,4.24,0.0,5.31,morning,1,2025-08-03T11:06:28.518495
"Jaffna,LK",27.65,79,4.24,0.0,2.2,morning,0,2025-08-03T11:06:31.589029
"Jaffna,LK",27.65,79,4.24,0.0,5.21,morning,1,2025-08-03T11:06:34.565810
"Jaffna,LK",27.65,79,4.24,0.0,0.6,morning,0,2025-08-03T11:06:37.737564
"Jaffna,LK",27.65,79,4.24,0.0,2.75,morning,0,2025-08-03T11:06:40.812284
"Jaffna,LK",27.65,79,4.24,0.0,1.2,morning,0,2025-08-03T11:06:43.982055
"Jaffna,LK",27.65,79,4.24,0.0,4.05,morning,0,2025-08-03T11:06:46.950878
"Jaffna,LK",27.65,79,4.24,0.0,3.54,morning,0,2025-08-03T11:06:50.028762
"Anuradhapura,LK",28.3,72,3.63,0.0,2.22,morning,0,2025-08-03T11:06:53.003157
"Anuradhapura,LK",28.3,72,3.63,0.0,0.98,morning,0,2025-08-03T11:06:56.068164
"Anuradhapura,LK",28.3,72,3.63,0.0,0.84,morning,0,2025-08-03T11:06:59.035360
"Anuradhapura,LK",28.3,72,3.63,0.0,5.07,morning,1,2025-08-03T11:07:02.113336
"Anuradhapura,LK",28.3,72,3.63,0.0,1.82,morning,0,2025-08-03T11:07:05.279994
"Anuradhapura,LK",28.3,72,3.63,0.0,3.64,morning,0,2025-08-03T11:07:08.247651
"Anuradhapura,LK",28.3,72,3.63,0.0,0.6,morning,0,2025-08-03T11:07:11.329973
"Anuradhapura,LK",28.3,72,3.63,0.0,4.83,morning,0,2025-08-03T11:07:14.400427
"Anuradhapura,LK",28.3,72,3.63,0.0,0.66,morning,0,2025-08-03T11:07:17.298181
"Anuradhapura,LK",28.3,72,3.63,0.0,4.3,morning,0,2025-08-03T11:07:20.441216
"Nuwara Eliya,LK",15.13,86,1.51,0.0,1.9,morning,0,2025-08-03T11:07:23.610473
"Nuwara Eliya,LK",15.13,86,1.51,0.0,5.17,morning,1,2025-08-03T11:07:26.480291
"Nuwara Eliya,LK",15.13,86,1.51,0.0,2.18,morning,0,2025-08-03T11:07:29.555426
"Nuwara Eliya,LK",15.13,86,1.51,0.0,2.47,morning,0,2025-08-03T11:07:32.330400
"Nuwara Eliya,LK",15.13,86,1.51,0.0,2.82,morning,0,2025-08-03T11:07:35.387358
"Nuwara Eliya,LK",15.13,86,1.51,0.0,4.5,morning,0,2025-08-03T11:07:38.358944
"Nuwara Eliya,LK",15.13,86,1.51,0.0,0.89,morning,0,2025-08-03T11:07:41.328612
"Nuwara Eliya,LK",15.13,86,1.51,0.0,3.19,morning,0,2025-08-03T11:07:44.400655
"Nuwara Eliya,LK",15.13,86,1.51,0.0,1.04,morning,0,2025-08-03T11:07:47.437220
"Nuwara Eliya,LK",15.13,86,1.51,0.0,2.43,morning,0,2025-08-03T11:07:50.441729
"Nawalapitiya,LK",21.75,95,1.66,0.0,1.12,morning,0,2025-08-03T11:07:53.675792
"Nawalapitiya,LK",21.75,95,1.66,0.0,3.73,morning,0,2025-08-03T11:07:56.790845
"Nawalapitiya,LK",21.75,95,1.66,0.0,1.95,morning,0,2025-08-03T11:07:59.683641
"Nawalapitiya,LK",21.75,95,1.66,0.0,3.03,morning,0,2025-08-03T11:08:02.738377
"Nawalapitiya,LK",21.75,95,1.66,0.0,3.05,morning,0,2025-08-03T11:08:05.698407
"Nawalapitiya,LK",21.75,95,1.66,0.0,3.29,morning,0,2025-08-03T11:08:08.977869
"Nawalapitiya,LK",21.75,95,1.66,0.0,3.5,morning,0,2025-08-03T11:08:11.941042
"Nawalapitiya,LK",21.75,95,1.66,0.0,2.8,morning,0,2025-08-03T11:08:14.917286
"Nawalapitiya,LK",21.75,95,1.66,0.0,2.79,morning,0,2025-08-03T11:08:17.810391
"Nawalapitiya,LK",21.75,95,1.66,0.0,3.77,morning,0,2025-08-03T11:08:20.751638
"Hatton,LK",18.73,95,2.15,0.0,4.52,morning,0,2025-08-03T11:08:23.926194
"Hatton,LK",18.73,95,2.15,0.0,1.32,morning,0,2025-08-03T11:08:27.096623
"Hatton,LK",18.73,95,2.15,0.0,2.23,morning,0,2025-08-03T11:08:30.268842
"Hatton,LK",18.73,95,2.15,0.0,3.43,morning,0,2025-08-03T11:08:33.433839
"Hatton,LK",18.73,95,2.15,0.0,4.97,morning,0,2025-08-03T11:08:36.507622
"Hatton,LK",18.73,95,2.15,0.0,2.11,morning,0,2025-08-03T11:08:39.587063
"Hatton,LK",18.73,95,2.15,0.0,3.93,morning,0,2025-08-03T11:08:42.561163
"Hatton,LK",18.73,95,2.15,0.0,4.37,morning,0,2025-08-03T11:08:45.749188
"Hatton,LK",18.73,95,2.15,0.0,2.99,morning,0,2025-08-03T11:08:48.704958
"Hatton,LK",18.73,95,2.15,0.0,3.49,morning,0,2025-08-03T11:08:51.779098
"Colombo,LK",27.29,87,9.28,0.0,2.37,morning,0,2025-08-03T11:14:03.770056
"Colombo,LK",27.29,87,9.28,0.0,4.83,morning,0,2025-08-03T11:14:06.935891
"Colombo,LK",27.29,87,9.28,0.0,2.56,morning,0,2025-08-03T11:14:10.122635
"Colombo,LK",27.29,87,9.28,0.0,0.62,morning,0,2025-08-03T11:14:13.298409
"Colombo,LK",27.29,87,9.28,0.0,2.2,morning,0,2025-08-03T11:14:16.265924
"Colombo,LK",27.29,87,9.28,0.0,1.19,morning,0,2025-08-03T11:14:19.231736
"Colombo,LK",27.29,87,9.28,0.0,5.02,morning,1,2025-08-03T11:14:22.404041
"Colombo,LK",27.29,87,9.28,0.0,2.35,morning,0,2025-08-03T11:14:25.377406
"Colombo,LK",27.29,87,9.28,0.0,3.66,morning,0,2025-08-03T11:14:28.549976
"Colombo,LK",27.29,87,9.28,0.0,1.94,morning,0,2025-08-03T11:14:31.475932
"Malabe,LK",27.12,87,6.87,0.0,2.18,morning,0,2025-08-03T11:14:34.695324
"Malabe,LK",27.12,87,6.87,0.0,3.42,morning,0,2025-08-03T11:14:37.765315
"Malabe,LK",27.12,87,6.87,0.0,4.23,morning,0,2025-08-03T11:14:40.839416
"Malabe,LK",27.12,87,6.87,0.0,1.68,morning,0,2025-08-03T11:14:43.897998
"Malabe,LK",27.12,87,6.87,0.0,5.36,morning,1,2025-08-03T11:14:47.084972
"Malabe,LK",27.12,87,6.87,0.0,2.98,morning,0,2025-08-03T11:14:50.255182
"Malabe,LK",27.12,87,6.87,0.0,4.58,morning,0,2025-08-03T11:14:53.116156
"Malabe,LK",27.12,87,6.87,0.0,0.7,morning,0,2025-08-03T11:14:56.096438
"Malabe,LK",27.12,87,6.87,0.0,1.3,morning,0,2025-08-03T11:14:59.167619
"Malabe,LK",27.12,87,6.87,0.0,2.26,morning,0,2025-08-03T11:15:02.338526
"Kandy,LK",23.38,93,2.07,0.0,3.01,morning,0,2025-08-03T11:15:05.412688
"Kandy,LK",23.38,93,2.07,0.0,1.36,morning,0,2025-08-03T11:15:08.375105
"Kandy,LK",23.38,93,2.07,0.0,4.63,morning,0,2025-08-03T11:15:11.343308
"Kandy,LK",23.38,93,2.07,0.0,2.0,morning,0,2025-08-03T11:15:14.417520
"Kandy,LK",23.38,93,2.07,0.0,2.97,morning,0,2025-08-03T11:15:17.592516
"Kandy,LK",23.38,93,2.07,0.0,1.58,morning,0,2025-08-03T11:15:20.567321
"Kandy,LK",23.38,93,2.07,0.0,3.79,morning,0,2025-08-03T11:15:23.432050
"Kandy,LK",23.38,93,2.07,0.0,2.0,morning,0,2025-08-03T11:15:26.598217
"Kandy,LK",23.38,93,2.07,0.0,1.49,morning,0,2025-08-03T11:15:29.784092
"Kandy,LK",23.38,93,2.07,0.0,2.49,morning,0,2025-08-03T11:15:32.747243
"Galle,LK",26.38,83,8.1,0.0,1.21,morning,0,2025-08-03T11:15:35.923019
"Galle,LK",26.38,83,8.1,0.0,0.78,morning,0,2025-08-03T11:15:38.894739
"Galle,LK",26.38,83,8.1,0.0,3.87,morning,0,2025-08-03T11:15:41.852605
"Galle,LK",26.38,83,8.1,0.0,5.31,morning,1,2025-08-03T11:15:44.765114
"Galle,LK",26.38,83,8.1,0.0,3.68,morning,0,2025-08-03T11:15:48.113532
"Galle,LK",26.38,83,8.1,0.0,2.49,morning,0,2025-08-03T11:15:51.286868
"Galle,LK",26.38,83,8.1,0.0,1.6,morning,0,2025-08-03T11:15:54.322458
"Galle,LK",26.38,83,8.1,0.0,5.13,morning,1,2025-08-03T11:15:57.532445
"Galle,LK",26.38,83,8.1,0.0,4.66,morning,0,2025-08-03T11:16:00.501881
"Galle,LK",26.38,83,8.1,0.0,0.98,morning,0,2025-08-03T11:16:03.469965
"Jaffna,LK",27.65,79,4.24,0.0,2.97,morning,0,2025-08-03T11:16:06.442260
"Jaffna,LK",27.65,79,4.24,0.0,2.02,morning,0,2025-08-03T11:16:09.611118
"Jaffna,LK",27.65,79,4.24,0.0,3.53,morning,0,2025-08-03T11:16:12.686316
"Jaffna,LK",27.65,79,4.24,0.0,4.48,morning,0,2025-08-03T11:16:15.756746
"Jaffna,LK",27.65,79,4.24,0.0,4.63,morning,0,2025-08-03T11:16:18.830928
"Jaffna,LK",27.65,79,4.24,0.0,3.31,morning,0,2025-08-03T11:16:22.004988
"Jaffna,LK",27.65,79,2.63,0.0,0.78,morning,0,2025-08-03T11:16:25.267529
"Jaffna,LK",27.65,79,2.63,0.0,0.57,morning,0,2025-08-03T11:16:28.342683
"Jaffna,LK",27.65,79,2.63,0.0,1.49,morning,0,2025-08-03T11:16:31.427176
"Jaffna,LK",27.65,79,2.63,0.0,5.04,morning,1,2025-08-03T11:16:34.394774
"Anuradhapura,LK",28.3,72,3.63,0.0,1.83,morning,0,2025-08-03T11:16:37.466928
"Anuradhapura,LK",28.3,72,3.63,0.0,2.93,morning,0,2025-08-03T11:16:40.633874
"Anuradhapura,LK",28.3,72,3.63,0.0,3.49,morning,0,2025-08-03T11:16:43.714019
"Anuradhapura,LK",28.3,72,3.63,0.0,2.27,morning,0,2025-08-03T11:16:46.777354
"Anuradhapura,LK",28.3,72,3.63,0.0,2.15,morning,0,2025-08-03T11:16:49.850708
"Anuradhapura,LK",28.3,72,3.63,0.0,2.75,morning,0,2025-08-03T11:16:53.022248
"Anuradhapura,LK",28.3,72,2.95,0.0,4.77,morning,0,2025-08-03T11:16:56.198847
"Anuradhapura,LK",28.3,72,2.95,0.0,4.25,morning,0,2025-08-03T11:16:59.269645
"Anuradhapura,LK",28.3,72,2.95,0.0,2.08,morning,0,2025-08-03T11:17:02.341889
"Anuradhapura,LK",28.3,72,2.95,0.0,4.59,morning,0,2025-08-03T11:17:05.314867
"Nuwara Eliya,LK",15.13,86,1.51,0.0,3.69,morning,0,2025-08-03T11:17:08.389628
"Nuwara Eliya,LK",15.13,86,1.51,0.0,1.23,morning,0,2025-08-03T11:17:11.357300
"Nuwara Eliya,LK",15.13,86,1.51,0.0,5.03,morning,1,2025-08-03T11:17:14.526519
"Nuwara Eliya,LK",15.13,86,1.51,0.0,3.16,morning,0,2025-08-03T11:17:17.495768
"Nuwara Eliya,LK",15.13,86,1.51,0.0,0.62,morning,0,2025-08-03T11:17:20.522589
"Nuwara Eliya,LK",15.13,86,1.51,0.0,1.84,morning,0,2025-08-03T11:17:23.439742
"Nuwara Eliya,LK",15.13,86,1.1,0.0,4.63,morning,0,2025-08-03T11:17:26.503218
"Nuwara Eliya,LK",15.13,86,1.1,0.0,4.24,morning,0,2025-08-03T11:17:29.483624
"Nuwara Eliya,LK",15.13,86,1.1,0.0,0.99,morning,0,2025-08-03T11:17:32.544232
"Nuwara Eliya,LK",15.13,86,1.1,0.0,2.8,morning,0,2025-08-03T11:17:35.622126
"Nawalapitiya,LK",21.75,95,1.66,0.0,0.76,morning,0,2025-08-03T11:17:38.685288
"Nawalapitiya,LK",21.75,95,1.66,0.0,1.79,morning,0,2025-08-03T11:17:41.731412
"Nawalapitiya,LK",21.75,95,1.66,0.0,4.64,morning,0,2025-08-03T11:17:44.493355
"Nawalapitiya,LK",21.75,95,1.66,0.0,4.17,morning,0,2025-08-03T11:17:47.604095
"Nawalapitiya,LK",21.75,95,1.66,0.0,0.53,morning,0,2025-08-03T11:17:50.677511
"Nawalapitiya,LK",21.75,95,1.66,0.0,1.58,morning,0,2025-08-03T11:17:53.636057
"Nawalapitiya,LK",21.75,95,1.56,0.0,1.11,morning,0,2025-08-03T11:17:56.613048
"Nawalapitiya,LK",21.75,95,1.56,0.0,2.43,morning,0,2025-08-03T11:17:59.783912
"Nawalapitiya,LK",21.75,95,1.56,0.0,5.33,morning,1,2025-08-03T11:18:02.650709
"Nawalapitiya,LK",21.75,95,1.56,0.0,3.33,morning,0,2025-08-03T11:18:05.603412
"Hatton,LK",18.73,95,2.15,0.0,4.66,morning,0,2025-08-03T11:18:08.598820
"Hatton,LK",18.73,95,2.15,0.0,1.63,morning,0,2025-08-03T11:18:11.455611
"Hatton,LK",18.73,95,2.15,0.0,1.68,morning,0,2025-08-03T11:18:14.534945
"Hatton,LK",18.73,95,2.15,0.0,1.21,morning,0,2025-08-03T11:18:17.606458
"Hatton,LK",18.73,95,2.15,0.0,4.23,morning,0,2025-08-03T11:18:20.472247
"Hatton,LK",18.73,95,2.15,0.0,4.53,morning,0,2025-08-03T11:18:23.334802
"Hatton,LK",18.73,95,1.85,0.0,1.38,morning,0,2025-08-03T11:18:26.418052
"Hatton,LK",18.73,95,1.85,0.0,2.06,morning,0,2025-08-03T11:18:29.400050
"Hatton,LK",18.73,95,1.85,0.0,3.17,morning,0,2025-08-03T11:18:32.344433
"Hatton,LK",18.73,95,1.85,0.0,0.69,morning,0,2025-08-03T11:18:35.320564
"Colombo,LK",27.64,80,5.5,0.0,5.0,afternoon,0,2025-09-10T12:48:38.170266
"Colombo,LK",27.64,80,5.5,0.0,0.93,afternoon,0,2025-09-10T12:48:40.486437
"Colombo,LK",27.64,80,5.5,0.0,5.43,afternoon,1,2025-09-10T12:48:42.756236
"Colombo,LK",27.64,80,5.5,0.0,2.06,afternoon,0,2025-09-10T12:48:46.309996
"Colombo,LK",27.64,80,5.5,0.0,0.83,afternoon,0,2025-09-10T12:48:49.121806
"Colombo,LK",27.64,80,5.5,0.0,5.24,afternoon,1,2025-09-10T12:48:51.592475
"Colombo,LK",27.64,80,5.5,0.0,3.74,afternoon,0,2025-09-10T12:48:55.202646
"Colombo,LK",27.64,80,5.5,0.0,2.02,afternoon,0,2025-09-10T12:48:57.481549
"Colombo,LK",27.64,80,5.5,0.0,5.37,afternoon,1,2025-09-10T12:49:02.357001
"Colombo,LK",27.64,80,5.5,0.0,5.42,afternoon,1,2025-09-10T12:49:07.482356
"Malabe,LK",29.15,71,4.77,0.0,2.77,afternoon,0,2025-09-10T12:49:11.661364
"Malabe,LK",29.15,71,4.77,0.0,4.42,afternoon,0,2025-09-10T12:49:14.612972
"Malabe,LK",29.15,71,4.77,0.0,4.01,afternoon,0,2025-09-10T12:49:19.303962
"Malabe,LK",29.15,71,4.77,0.0,1.12,afternoon,0,2025-09-10T12:49:23.764111
"Malabe,LK",29.15,71,4.77,0.0,5.03,afternoon,1,2025-09-10T12:49:32.029093
"Malabe,LK",29.15,71,4.77,0.0,5.04,afternoon,1,2025-09-10T12:49:40.665297
"Malabe,LK",29.15,71,4.77,0.0,1.95,afternoon,0,2025-09-10T12:49:47.021584
"Malabe,LK",29.15,71,4.77,0.0,1.95,afternoon,0,2025-09-10T12:49:50.170014
"Malabe,LK",29.15,71,4.77,0.0,4.13,afternoon,0,2025-09-10T12:49:52.770096
"Malabe,LK",29.15,71,4.77,0.0,1.97,afternoon,0,2025-09-10T12:49:56.170118
"Kandy,LK",28.35,60,3.72,0.0,3.59,afternoon,0,2025-09-10T12:49:58.635760
"Kandy,LK",28.35,60,3.72,0.0,4.6,afternoon,0,2025-09-10T12:50:01.075601
"Kandy,LK",28.35,60,3.72,0.0,3.25,afternoon,0,2025-09-10T12:50:03.339998
"Kandy,LK",28.35,60,3.72,0.0,1.56,afternoon,0,2025-09-10T12:50:05.635736
"Kandy,LK",28.35,60,3.72,0.0,3.06,afternoon,0,2025-09-10T12:50:08.262984
"Kandy,LK",28.35,60,3.72,0.0,4.85,afternoon,0,2025-09-10T12:50:10.670247
"Kandy,LK",28.35,60,3.72,0.0,1.81,afternoon,0,2025-09-10T12:50:12.998191
"Kandy,LK",28.35,60,3.72,0.0,3.72,afternoon,0,2025-09-10T12:50:15.217181
"Kandy,LK",28.35,60,3.72,0.0,4.91,afternoon,0,2025-09-10T12:50:17.449886
"Kandy,LK",28.35,60,3.72,0.0,3.43,afternoon,0,2025-09-10T12:50:19.731093
"Galle,LK",28.67,79,5.89,0.0,1.78,afternoon,0,2025-09-10T12:50:21.981106
"Galle,LK",28.67,79,5.89,0.0,0.91,afternoon,0,2025-09-10T12:50:24.247540
"Galle,LK",28.67,79,5.89,0.0,0.96,afternoon,0,2025-09-10T12:50:26.513207
"Galle,LK",28.67,79,5.89,0.0,3.31,afternoon,0,2025-09-10T12:50:28.793797
"Galle,LK",28.67,79,5.89,0.0,4.9,afternoon,0,2025-09-10T12:50:31.139300
"Galle,LK",28.67,79,5.89,0.0,1.26,afternoon,0,2025-09-10T12:50:33.372139
"Galle,LK",28.67,79,5.89,0.0,2.14,afternoon,0,2025-09-10T12:50:35.663624
"Galle,LK",28.67,79,5.89,0.0,4.23,afternoon,0,2025-09-10T12:50:38.329925
"Galle,LK",28.67,79,5.89,0.0,1.55,afternoon,0,2025-09-10T12:50:40.561243
"Galle,LK",28.67,79,5.89,0.0,1.13,afternoon,0,2025-09-10T12:50:42.794769
"Jaffna,LK",28.54,77,9.87,0.0,2.86,afternoon,0,2025-09-10T12:50:45.029447
"Jaffna,LK",28.54,77,9.87,0.0,4.02,afternoon,0,2025-09-10T12:50:47.311771
"Jaffna,LK",28.54,77,9.87,0.0,2.13,afternoon,0,2025-09-10T12:50:49.575863
"Jaffna,LK",28.54,77,9.87,0.0,3.1,afternoon,0,2025-09-10T12:50:51.826683
"Jaffna,LK",28.54,77,9.87,0.0,3.79,afternoon,0,2025-09-10T12:50:54.092780
"Jaffna,LK",28.54,77,9.87,0.0,1.37,afternoon,0,2025-09-10T12:50:56.747483
"Jaffna,LK",28.54,77,9.87,0.0,0.68,afternoon,0,2025-09-10T12:50:59.121891
"Jaffna,LK",28.54,77,9.87,0.0,0.8,afternoon,0,2025-09-10T12:51:01.657806
"Jaffna,LK",28.54,77,9.87,0.0,5.16,afternoon,1,2025-09-10T12:51:04.481860
"Jaffna,LK",28.54,77,9.87,0.0,0.93,afternoon,0,2025-09-10T12:51:06.761245
"Anuradhapura,LK",32.2,51,7.29,0.0,2.44,afternoon,0,2025-09-10T12:51:09.034154
"Anuradhapura,LK",32.2,51,7.29,0.0,1.38,afternoon,0,2025-09-10T12:51:11.279235
"Anuradhapura,LK",32.2,51,7.29,0.0,2.71,afternoon,0,2025-09-10T12:51:14.054000
"Anuradhapura,LK",32.2,51,7.29,0.0,2.46,afternoon,0,2025-09-10T12:51:16.664586
"Anuradhapura,LK",32.2,51,7.29,0.0,4.06,afternoon,0,2025-09-10T12:51:18.998231
"Anuradhapura,LK",32.2,51,7.29,0.0,4.02,afternoon,0,2025-09-10T12:51:21.266976
"Anuradhapura,LK",32.2,51,7.29,0.0,2.32,afternoon,0,2025-09-10T12:51:23.560712
"Anuradhapura,LK",32.2,51,7.29,0.0,1.57,afternoon,0,2025-09-10T12:51:25.956800
"Anuradhapura,LK",32.2,51,7.29,0.0,1.63,afternoon,0,2025-09-10T12:51:28.381734
"Anuradhapura,LK",32.2,51,7.29,0.0,3.21,afternoon,0,2025-09-10T12:51:30.761064
"Nuwara Eliya,LK",19.53,65,2.07,0.0,2.7,afternoon,0,2025-09-10T12:51:33.981557
"Nuwara Eliya,LK",19.53,65,2.07,0.0,1.06,afternoon,0,2025-09-10T12:51:36.169653
"Nuwara Eliya,LK",19.53,65,2.07,0.0,2.98,afternoon,0,2025-09-10T12:51:38.421885
"Nuwara Eliya,LK",19.53,65,2.07,0.0,1.28,afternoon,0,2025-09-10T12:51:40.764339
"Nuwara Eliya,LK",19.53,65,2.07,0.0,4.18,afternoon,0,2025-09-10T12:51:43.062764
"Nuwara Eliya,LK",19.53,65,2.07,0.0,2.52,afternoon,0,2025-09-10T12:51:45.369728
"Nuwara Eliya,LK",19.53,65,2.07,0.0,1.04,afternoon,0,2025-09-10T12:51:47.856862
"Nuwara Eliya,LK",19.53,65,2.07,0.0,3.64,afternoon,0,2025-09-10T12:51:50.117193
"Nuwara Eliya,LK",19.53,65,2.07,0.0,4.97,afternoon,0,2025-09-10T12:51:52.365080
"Nuwara Eliya,LK",19.53,65,2.07,0.0,1.76,afternoon,0,2025-09-10T12:51:54.778985
"Nawalapitiya,LK",26.72,64,3.11,0.0,3.71,afternoon,0,2025-09-10T12:51:57.025009
"Nawalapitiya,LK",26.72,64,3.11,0.0,2.89,afternoon,0,2025-09-10T12:52:00.450144
"Nawalapitiya,LK",26.72,64,3.11,0.0,3.5,afternoon,0,2025-09-10T12:52:02.701551
"Nawalapitiya,LK",26.72,64,3.11,0.0,1.38,afternoon,0,2025-09-10T12:52:05.304179
"Nawalapitiya,LK",26.72,64,3.11,0.0,3.78,afternoon,0,2025-09-10T12:52:08.066278
"Nawalapitiya,LK",26.72,64,3.11,0.0,1.56,afternoon,0,2025-09-10T12:52:10.419184
"Nawalapitiya,LK",26.72,64,3.11,0.0,2.81,afternoon,0,2025-09-10T12:52:12.712970
"Nawalapitiya,LK",26.72,64,3.11,0.0,3.08,afternoon,0,2025-09-10T12:52:15.000874
"Nawalapitiya,LK",26.72,64,3.11,0.0,2.1,afternoon,0,2025-09-10T12:52:17.240109
"Nawalapitiya,LK",26.72,64,3.11,0.0,2.76,afternoon,0,2025-09-10T12:52:19.496077
"Hatton,LK",23.91,66,3.15,0.0,1.63,afternoon,0,2025-09-10T12:52:21.747083
"Hatton,LK",23.91,66,3.15,0.0,5.39,afternoon,1,2025-09-10T12:52:23.998551
"Hatton,LK",23.91,66,3.15,0.0,1.0,afternoon,0,2025-09-10T12:52:26.388345
"Hatton,LK",23.91,66,3.15,0.0,3.56,afternoon,0,2025-09-10T12:52:28.634062
"Hatton,LK",23.91,66,3.15,0.0,1.54,afternoon,0,2025-09-10T12:52:30.850851
"Hatton,LK",23.91,66,3.15,0.0,5.1,afternoon,1,2025-09-10T12:52:33.084513
"Hatton,LK",23.91,66,3.15,0.0,1.91,afternoon,0,2025-09-10T12:52:35.295778
"Hatton,LK",23.91,66,3.15,0.0,3.29,afternoon,0,2025-09-10T12:52:37.552601
"Hatton,LK",23.91,66,3.15,0.0,3.61,afternoon,0,2025-09-10T12:52:39.904170
"Hatton,LK",23.91,66,3.15,0.0,4.16,afternoon,0,2025-09-10T12:52:42.128519
"Colombo,LK",27.85,77,5.8,1.47,1.08,afternoon,0,2025-09-10T14:44:40.103514
"Colombo,LK",27.85,77,5.8,1.47,5.01,afternoon,1,2025-09-10T14:44:43.077721
"Colombo,LK",27.85,77,5.8,1.47,1.19,afternoon,0,2025-09-10T14:44:45.986664
"Colombo,LK",27.85,77,5.8,1.47,5.07,afternoon,1,2025-09-10T14:44:49.198034
"Colombo,LK",27.85,77,5.8,1.47,1.19,afternoon,0,2025-09-10T14:44:52.265889
"Colombo,LK",27.85,77,5.8,1.47,5.06,afternoon,1,2025-09-10T14:44:56.576682
"Colombo,LK",27.85,77,5.8,1.47,0.78,afternoon,0,2025-09-10T14:44:59.538861
"Colombo,LK",27.85,77,5.8,1.47,3.34,afternoon,0,2025-09-10T14:45:02.598071
"Colombo,LK",27.85,77,5.8,1.47,3.55,afternoon,0,2025-09-10T14:45:05.681861
"Colombo,LK",27.85,77,5.8,1.47,1.14,afternoon,0,2025-09-10T14:45:08.643818
"Malabe,LK",28.91,71,4.96,2.73,2.99,afternoon,0,2025-09-10T14:45:11.909874
"Malabe,LK",28.91,71,4.96,2.73,2.74,afternoon,0,2025-09-10T14:45:16.119191
"Malabe,LK",28.91,71,4.96,2.73,3.49,afternoon,0,2025-09-10T14:45:19.290836
"Malabe,LK",28.91,71,4.96,2.73,4.11,afternoon,0,2025-09-10T14:45:22.470203
"Malabe,LK",28.91,71,4.96,2.73,2.76,afternoon,0,2025-09-10T14:45:25.539769
"Malabe,LK",28.91,71,4.96,2.73,4.32,afternoon,0,2025-09-10T14:45:28.715097
"Malabe,LK",28.91,71,4.96,2.73,4.55,afternoon,0,2025-09-10T14:45:31.746143
"Malabe,LK",28.91,71,4.96,2.73,1.74,afternoon,0,2025-09-10T14:45:34.955079
"Malabe,LK",28.91,71,4.96,2.73,1.69,afternoon,0,2025-09-10T14:45:38.032426
"Malabe,LK",28.91,71,4.96,2.73,1.18,afternoon,0,2025-09-10T14:45:41.098958
"Kandy,LK",28.29,59,3.65,0.0,0.81,afternoon,0,2025-09-10T14:45:44.280592
"Kandy,LK",28.29,59,3.65,0.0,1.45,afternoon,0,2025-09-10T14:45:47.341858
"Kandy,LK",28.29,59,3.65,0.0,2.31,afternoon,0,2025-09-10T14:45:50.409719
"Kandy,LK",28.29,59,3.65,0.0,1.52,afternoon,0,2025-09-10T14:45:53.447263
"Kandy,LK",28.29,59,3.65,0.0,5.1,afternoon,1,2025-09-10T14:45:56.602895
"Kandy,LK",28.29,59,3.65,0.0,3.42,afternoon,0,2025-09-10T14:45:59.634300
"Kandy,LK",28.29,59,3.65,0.0,3.61,afternoon,0,2025-09-10T14:46:02.504156
"Kandy,LK",28.29,59,3.65,0.0,1.48,afternoon,0,2025-09-10T14:46:05.678478
"Kandy,LK",28.29,59,3.65,0.0,2.96,afternoon,0,2025-09-10T14:46:08.753539
"Kandy,LK",28.29,59,3.65,0.0,5.04,afternoon,1,2025-09-10T14:46:11.691458
"Galle,LK",28.02,80,5.96,0.0,2.84,afternoon,0,2025-09-10T14:46:14.889403
"Galle,LK",28.02,80,5.96,0.0,2.92,afternoon,0,2025-09-10T14:46:18.104316
"Galle,LK",28.02,80,5.96,0.0,1.33,afternoon,0,2025-09-10T14:46:21.039702
"Galle,LK",28.02,80,5.96,0.0,4.79,afternoon,0,2025-09-10T14:46:24.085452
"Galle,LK",28.02,80,5.96,0.0,3.29,afternoon,0,2025-09-10T14:46:27.184200
"Galle,LK",28.02,80,5.96,0.0,1.54,afternoon,0,2025-09-10T14:46:30.255526
"Galle,LK",28.02,80,5.96,0.0,2.41,afternoon,0,2025-09-10T14:46:33.327942
"Galle,LK",28.02,80,5.96,0.0,4.3,afternoon,0,2025-09-10T14:46:36.501465
"Galle,LK",28.02,80,5.96,0.0,1.29,afternoon,0,2025-09-10T14:46:39.677196
"Galle,LK",28.02,80,5.96,0.0,4.15,afternoon,0,2025-09-10T14:46:42.645786
"Jaffna,LK",28.35,78,9.58,0.0,4.91,afternoon,0,2025-09-10T14:46:46.394002
"Jaffna,LK",28.35,78,9.58,0.0,1.88,afternoon,0,2025-09-10T14:46:49.609330
"Jaffna,LK",28.35,78,9.58,0.0,3.54,afternoon,0,2025-09-10T14:46:52.672751
"Jaffna,LK",28.35,78,9.58,0.0,0.63,afternoon,0,2025-09-10T14:46:55.605252
"Jaffna,LK",28.35,78,9.58,0.0,2.55,afternoon,0,2025-09-10T14:46:58.619152
"Jaffna,LK",28.35,78,9.58,0.0,2.21,afternoon,0,2025-09-10T14:47:01.583321
"Jaffna,LK",28.35,78,9.58,0.0,1.19,afternoon,0,2025-09-10T14:47:04.558281
"Jaffna,LK",28.35,78,9.58,0.0,3.89,afternoon,0,2025-09-10T14:47:07.835831
"Jaffna,LK",28.35,78,9.58,0.0,5.28,afternoon,1,2025-09-10T14:47:11.009543
"Jaffna,LK",28.35,78,9.58,0.0,0.75,afternoon,0,2025-09-10T14:47:14.286753
"Anuradhapura,LK",31.88,51,7.0,0.0,2.81,afternoon,0,2025-09-10T14:47:17.246384
"Anuradhapura,LK",31.88,51,7.0,0.0,0.98,afternoon,0,2025-09-10T14:47:20.225199
"Anuradhapura,LK",31.88,51,7.0,0.0,3.19,afternoon,0,2025-09-10T14:47:24.424505
"Anuradhapura,LK",31.88,51,7.0,0.0,1.9,afternoon,0,2025-09-10T14:47:27.392400
"Anuradhapura,LK",31.88,51,7.0,0.0,4.86,afternoon,0,2025-09-10T14:47:31.489752
"Anuradhapura,LK",31.88,51,7.0,0.0,2.29,afternoon,0,2025-09-10T14:47:34.469204
"Anuradhapura,LK",31.88,51,7.0,0.0,0.96,afternoon,0,2025-09-10T14:47:37.738455
"Anuradhapura,LK",31.88,51,7.0,0.0,2.98,afternoon,0,2025-09-10T14:47:40.705031
"Anuradhapura,LK",31.88,51,7.0,0.0,3.85,afternoon,0,2025-09-10T14:47:43.958176
"Anuradhapura,LK",31.88,51,7.0,0.0,3.57,afternoon,0,2025-09-10T14:47:47.157862
"Nuwara Eliya,LK",18.41,71,2.15,0.32,2.85,afternoon,0,2025-09-10T14:47:50.120545
"Nuwara Eliya,LK",18.41,71,2.15,0.32,3.08,afternoon,0,2025-09-10T14:47:53.294304
"Nuwara Eliya,LK",18.41,71,2.15,0.32,2.83,afternoon,0,2025-09-10T14:47:56.473606
"Nuwara Eliya,LK",18.41,71,2.15,0.32,1.65,afternoon,0,2025-09-10T14:47:59.648969
"Nuwara Eliya,LK",18.41,71,2.15,0.32,1.27,afternoon,0,2025-09-10T14:48:02.720674
"Nuwara Eliya,LK",18.41,71,2.15,0.32,2.65,afternoon,0,2025-09-10T14:48:07.008023
"Nuwara Eliya,LK",18.41,71,2.15,0.32,3.34,afternoon,0,2025-09-10T14:48:10.091925
"Nuwara Eliya,LK",18.41,71,2.15,0.32,2.81,afternoon,0,2025-09-10T14:48:13.158462
"Nuwara Eliya,LK",18.41,71,2.15,0.32,3.97,afternoon,0,2025-09-10T14:48:16.236208
"Nuwara Eliya,LK",18.41,71,2.15,0.32,1.07,afternoon,0,2025-09-10T14:48:19.305491
"Nawalapitiya,LK",26.49,63,3.01,0.28,1.69,afternoon,0,2025-09-10T14:48:22.382286
"Nawalapitiya,LK",26.49,63,3.01,0.28,3.19,afternoon,0,2025-09-10T14:48:25.660098
"Nawalapitiya,LK",26.49,63,3.01,0.28,1.95,afternoon,0,2025-09-10T14:48:29.753003
"Nawalapitiya,LK",26.49,63,3.01,0.28,1.21,afternoon,0,2025-09-10T14:48:32.925694
"Nawalapitiya,LK",26.49,63,3.01,0.28,2.67,afternoon,0,2025-09-10T14:48:35.998543
"Nawalapitiya,LK",26.49,63,3.01,0.28,3.85,afternoon,0,2025-09-10T14:48:39.162393
"Nawalapitiya,LK",26.49,63,3.01,0.28,3.86,afternoon,0,2025-09-10T14:48:42.247218
"Nawalapitiya,LK",26.49,63,3.01,0.28,5.42,afternoon,1,2025-09-10T14:48:45.215531
"Nawalapitiya,LK",26.49,63,3.01,0.28,3.16,afternoon,0,2025-09-10T14:48:48.290993
"Nawalapitiya,LK",26.49,63,3.01,0.28,4.54,afternoon,0,2025-09-10T14:48:51.359600
"Hatton,LK",22.47,75,2.91,0.17,3.93,afternoon,0,2025-09-10T14:48:53.598384
"Hatton,LK",22.47,75,2.91,0.17,1.49,afternoon,0,2025-09-10T14:48:55.796335
"Hatton,LK",22.47,75,2.91,0.17,1.41,afternoon,0,2025-09-10T14:48:58.016303
"Hatton,LK",22.47,75,2.91,0.17,1.49,afternoon,0,2025-09-10T14:49:00.241527
"Hatton,LK",22.47,75,2.91,0.17,4.9,afternoon,0,2025-09-10T14:49:02.474861
"Hatton,LK",22.47,75,2.91,0.17,2.51,afternoon,0,2025-09-10T14:49:04.660320
"Hatton,LK",22.47,75,2.91,0.17,4.13,afternoon,0,2025-09-10T14:49:06.894270
"Hatton,LK",22.47,75,2.91,0.17,4.65,afternoon,0,2025-09-10T14:49:09.118990
"Hatton,LK",22.47,75,2.91,0.17,3.2,afternoon,0,2025-09-10T14:49:11.355721
"Hatton,LK",22.47,75,2.91,0.17,4.16,afternoon,0,2025-09-10T14:49:13.603239
"Colombo,LK",27.48,77,5.87,0.64,5.44,afternoon,1,2025-09-10T15:09:15.721099
"Colombo,LK",27.48,77,5.87,0.64,2.59,afternoon,0,2025-09-10T15:09:18.581685
"Colombo,LK",27.48,77,5.87,0.64,5.2,afternoon,1,2025-09-10T15:09:21.651719
"Colombo,LK",27.48,77,5.87,0.64,2.04,afternoon,0,2025-09-10T15:09:24.827301
"Colombo,LK",27.48,77,5.87,0.64,5.28,afternoon,1,2025-09-10T15:09:28.009098
"Colombo,LK",27.48,77,5.87,0.64,0.6,afternoon,0,2025-09-10T15:09:31.079789
"Colombo,LK",27.48,77,5.87,0.64,3.46,afternoon,0,2025-09-10T15:09:33.900917
"Colombo,LK",27.48,77,5.87,0.64,0.74,afternoon,0,2025-09-10T15:09:36.918254
"Colombo,LK",27.48,77,5.87,0.64,2.95,afternoon,0,2025-09-10T15:09:39.988969
"Colombo,LK",27.48,77,5.87,0.64,5.04,afternoon,1,2025-09-10T15:09:42.958353
"Malabe,LK",28.18,73,4.99,0.18,1.63,afternoon,0,2025-09-10T15:09:45.876545
"Malabe,LK",28.18,73,4.99,0.18,0.92,afternoon,0,2025-09-10T15:09:48.757142
"Malabe,LK",28.18,73,4.99,0.18,1.28,afternoon,0,2025-09-10T15:09:51.696110
"Malabe,LK",28.18,73,4.99,0.18,1.67,afternoon,0,2025-09-10T15:09:54.735721
"Malabe,LK",28.18,73,4.99,0.18,1.84,afternoon,0,2025-09-10T15:09:57.703750
"Malabe,LK",28.18,73,4.99,0.18,2.75,afternoon,0,2025-09-10T15:10:00.971439
"Malabe,LK",28.18,73,4.99,0.18,0.8,afternoon,0,2025-09-10T15:10:04.250588
"Malabe,LK",28.18,73,4.99,0.18,3.3,afternoon,0,2025-09-10T15:10:07.528854
"Malabe,LK",28.18,73,4.99,0.18,2.16,afternoon,0,2025-09-10T15:10:10.501496
"Malabe,LK",28.18,73,4.99,0.18,3.54,afternoon,0,2025-09-10T15:10:13.474221
"Kandy,LK",27.03,62,3.43,0.0,1.93,afternoon,0,2025-09-10T15:10:16.341252
"Kandy,LK",27.03,62,3.43,0.0,4.16,afternoon,0,2025-09-10T15:10:19.614923
"Kandy,LK",27.03,62,3.43,0.0,1.08,afternoon,0,2025-09-10T15:10:22.466691
"Kandy,LK",27.03,62,3.43,0.0,0.54,afternoon,0,2025-09-10T15:10:25.654718
"Kandy,LK",27.03,62,3.43,0.0,0.78,afternoon,0,2025-09-10T15:10:28.831084
"Kandy,LK",27.03,62,3.43,0.0,2.99,afternoon,0,2025-09-10T15:10:31.809929
"Kandy,LK",27.03,62,3.43,0.0,4.59,afternoon,0,2025-09-10T15:10:34.765279
"Kandy,LK",27.03,62,3.43,0.0,5.3,afternoon,1,2025-09-10T15:10:37.944438
"Kandy,LK",27.03,62,3.43,0.0,1.24,afternoon,0,2025-09-10T15:10:41.221207
"Kandy,LK",27.03,62,3.43,0.0,2.27,afternoon,0,2025-09-10T15:10:44.193176
"Galle,LK",27.27,81,5.83,0.0,3.7,afternoon,0,2025-09-10T15:10:47.163458
"Galle,LK",27.27,81,5.83,0.0,4.92,afternoon,0,2025-09-10T15:10:50.200534
"Galle,LK",27.27,81,5.83,0.0,3.62,afternoon,0,2025-09-10T15:10:53.119255
"Galle,LK",27.27,81,5.83,0.0,2.65,afternoon,0,2025-09-10T15:10:55.893271
"Galle,LK",27.27,81,5.83,0.0,5.32,afternoon,1,2025-09-10T15:10:58.720844
"Galle,LK",27.27,81,5.83,0.0,3.9,afternoon,0,2025-09-10T15:11:01.701818
"Galle,LK",27.27,81,5.83,0.0,4.29,afternoon,0,2025-09-10T15:11:04.563095
"Galle,LK",27.27,81,5.83,0.0,0.52,afternoon,0,2025-09-10T15:11:07.494910
"Galle,LK",27.27,81,5.83,0.0,5.41,afternoon,1,2025-09-10T15:11:10.611494
"Galle,LK",27.27,81,5.83,0.0,1.81,afternoon,0,2025-09-10T15:11:13.785577
"Jaffna,LK",28.27,78,9.67,0.0,3.49,afternoon,0,2025-09-10T15:11:17.470943
"Jaffna,LK",28.27,78,9.67,0.0,5.12,afternoon,1,2025-09-10T15:11:20.440186
"Jaffna,LK",28.27,78,9.67,0.0,5.41,afternoon,1,2025-09-10T15:11:23.616535
"Jaffna,LK",28.27,78,9.67,0.0,3.98,afternoon,0,2025-09-10T15:11:26.687993
"Jaffna,LK",28.27,78,9.67,0.0,4.81,afternoon,0,2025-09-10T15:11:30.373323
"Jaffna,LK",28.27,78,9.67,0.0,3.23,afternoon,0,2025-09-10T15:11:34.666269
"Jaffna,LK",28.27,78,9.67,0.0,5.37,afternoon,1,2025-09-10T15:11:37.844687
"Jaffna,LK",28.27,78,9.67,0.0,1.41,afternoon,0,2025-09-10T15:11:41.015090
"Jaffna,LK",28.27,78,9.67,0.0,4.42,afternoon,0,2025-09-10T15:11:44.094793
"Jaffna,LK",28.27,78,9.67,0.0,0.93,afternoon,0,2025-09-10T15:11:47.271055
"Anuradhapura,LK",31.09,53,6.93,0.0,2.37,afternoon,0,2025-09-10T15:11:50.233127
"Anuradhapura,LK",31.09,53,6.93,0.0,2.55,afternoon,0,2025-09-10T15:11:53.414045
"Anuradhapura,LK",31.09,53,6.93,0.0,1.41,afternoon,0,2025-09-10T15:11:56.375535
"Anuradhapura,LK",31.09,53,6.93,0.0,1.09,afternoon,0,2025-09-10T15:11:59.452979
"Anuradhapura,LK",31.09,53,6.93,0.0,1.66,afternoon,0,2025-09-10T15:12:02.724522
"Anuradhapura,LK",31.09,53,6.93,0.0,3.92,afternoon,0,2025-09-10T15:12:06.007667
"Anuradhapura,LK",31.09,53,6.93,0.0,2.08,afternoon,0,2025-09-10T15:12:09.182887
"Anuradhapura,LK",31.09,53,6.93,0.0,2.45,afternoon,0,2025-09-10T15:12:12.457570
"Anuradhapura,LK",31.09,53,6.93,0.0,0.97,afternoon,0,2025-09-10T15:12:15.506712
"Anuradhapura,LK",31.09,53,6.93,0.0,4.69,afternoon,0,2025-09-10T15:12:18.706279
"Nuwara Eliya,LK",17.64,71,2.15,0.0,0.88,afternoon,0,2025-09-10T15:12:21.675236
"Nuwara Eliya,LK",17.64,71,2.15,0.0,1.96,afternoon,0,2025-09-10T15:12:24.748405
"Nuwara Eliya,LK",17.64,71,2.15,0.0,4.08,afternoon,0,2025-09-10T15:12:27.819887
"Nuwara Eliya,LK",17.64,71,2.15,0.0,4.15,afternoon,0,2025-09-10T15:12:30.781651
"Nuwara Eliya,LK",17.64,71,2.15,0.0,3.15,afternoon,0,2025-09-10T15:12:33.860020
"Nuwara Eliya,LK",17.64,71,2.15,0.0,3.09,afternoon,0,2025-09-10T15:12:36.928716
"Nuwara Eliya,LK",17.64,71,2.15,0.0,4.7,afternoon,0,2025-09-10T15:12:39.888840
"Nuwara Eliya,LK",17.64,71,2.15,0.0,2.63,afternoon,0,2025-09-10T15:12:43.069547
"Nuwara Eliya,LK",17.64,71,2.15,0.0,1.99,afternoon,0,2025-09-10T15:12:46.339842
"Nuwara Eliya,LK",17.64,71,2.15,0.0,4.62,afternoon,0,2025-09-10T15:12:49.321608
"Nawalapitiya,LK",25.37,66,2.93,0.0,3.79,afternoon,0,2025-09-10T15:12:52.285109
"Nawalapitiya,LK",25.37,66,2.93,0.0,5.19,afternoon,1,2025-09-10T15:12:55.221203
"Nawalapitiya,LK",25.37,66,2.93,0.0,3.59,afternoon,0,2025-09-10T15:12:58.333555
"Nawalapitiya,LK",25.37,66,2.93,0.0,4.64,afternoon,0,2025-09-10T15:13:01.303919
"Nawalapitiya,LK",25.37,66,2.93,0.0,0.6,afternoon,0,2025-09-10T15:13:04.578816
"Nawalapitiya,LK",25.37,66,2.93,0.0,1.47,afternoon,0,2025-09-10T15:13:07.752995
"Nawalapitiya,LK",25.37,66,2.93,0.0,1.04,afternoon,0,2025-09-10T15:13:10.718451
"Nawalapitiya,LK",25.37,66,2.93,0.0,2.7,afternoon,0,2025-09-10T15:13:13.902589
"Nawalapitiya,LK",25.37,66,2.93,0.0,3.23,afternoon,0,2025-09-10T15:13:16.886958
"Nawalapitiya,LK",25.37,66,2.93,0.0,2.29,afternoon,0,2025-09-10T15:13:19.821698
"Hatton,LK",22.37,68,3.17,0.0,3.88,afternoon,0,2025-09-10T15:13:22.818391
"Hatton,LK",22.37,68,3.17,0.0,2.33,afternoon,0,2025-09-10T15:13:25.874359
"Hatton,LK",22.37,68,3.17,0.0,2.67,afternoon,0,2025-09-10T15:13:29.041258
"Hatton,LK",22.37,68,3.17,0.0,5.06,afternoon,1,2025-09-10T15:13:32.020229
"Hatton,LK",22.37,68,3.17,0.0,1.13,afternoon,0,2025-09-10T15:13:35.025488
"Hatton,LK",22.37,68,3.17,0.0,3.22,afternoon,0,2025-09-10T15:13:37.959546
"Hatton,LK",22.37,68,3.17,0.0,4.41,afternoon,0,2025-09-10T15:13:42.261816
"Hatton,LK",22.37,68,3.17,0.0,5.29,afternoon,1,2025-09-10T15:13:45.229577
"Hatton,LK",22.37,68,3.17,0.0,4.2,afternoon,0,2025-09-10T15:13:48.303506
"Hatton,LK",22.37,68,3.17,0.0,4.03,afternoon,0,2025-09-10T15:13:51.375034
"Colombo,LK",27.48,77,5.87,0.64,4.52,afternoon,0,2025-09-10T15:16:28.757725
"Colombo,LK",27.48,77,5.87,0.64,3.86,afternoon,0,2025-09-10T15:16:31.931736
"Colombo,LK",27.48,77,5.87,0.64,0.86,afternoon,0,2025-09-10T15:16:34.887615
"Colombo,LK",27.48,77,5.87,0.64,1.99,afternoon,0,2025-09-10T15:16:37.869454
"Colombo,LK",27.48,77,5.87,0.64,1.6,afternoon,0,2025-09-10T15:16:40.937702
"Colombo,LK",27.48,77,5.87,0.64,5.45,afternoon,1,2025-09-10T15:16:43.909542
"Colombo,LK",27.48,77,5.87,0.64,3.89,afternoon,0,2025-09-10T15:16:46.868750
"Colombo,LK",27.48,77,5.87,0.64,1.6,afternoon,0,2025-09-10T15:16:49.809016
"Colombo,LK",27.48,77,5.87,0.64,2.41,afternoon,0,2025-09-10T15:16:52.614214
"Colombo,LK",27.48,77,5.87,0.64,3.58,afternoon,0,2025-09-10T15:16:55.690322
"Malabe,LK",28.18,73,4.99,0.18,3.51,afternoon,0,2025-09-10T15:16:58.658960
"Malabe,LK",28.18,73,4.99,0.18,5.27,afternoon,1,2025-09-10T15:17:01.725123
"Malabe,LK",28.18,73,4.99,0.18,3.75,afternoon,0,2025-09-10T15:17:04.802649
"Malabe,LK",28.18,73,4.99,0.18,4.29,afternoon,0,2025-09-10T15:17:07.764843
"Malabe,LK",28.18,73,4.99,0.18,3.41,afternoon,0,2025-09-10T15:17:10.735511
"Malabe,LK",28.18,73,4.99,0.18,1.35,afternoon,0,2025-09-10T15:17:13.686696
"Malabe,LK",28.18,73,4.99,0.18,3.43,afternoon,0,2025-09-10T15:17:16.781280
"Malabe,LK",28.18,73,4.99,0.18,3.7,afternoon,0,2025-09-10T15:17:19.782504
"Malabe,LK",28.18,73,4.99,0.18,0.89,afternoon,0,2025-09-10T15:17:22.655938
"Malabe,LK",28.18,73,4.99,0.18,0.92,afternoon,0,2025-09-10T15:17:25.611721
"Kandy,LK",27.03,62,3.43,0.0,1.91,afternoon,0,2025-09-10T15:17:28.654943
"Kandy,LK",27.03,62,3.43,0.0,3.12,afternoon,0,2025-09-10T15:17:31.723030
"Kandy,LK",27.03,62,3.43,0.0,0.85,afternoon,0,2025-09-10T15:17:34.695756
"Kandy,LK",27.03,62,3.43,0.0,5.41,afternoon,1,2025-09-10T15:17:37.667135
"Kandy,LK",27.03,62,3.43,0.0,3.22,afternoon,0,2025-09-10T15:17:40.695048
"Kandy,LK",27.03,62,3.43,0.0,0.81,afternoon,0,2025-09-10T15:17:43.639882
"Kandy,LK",27.03,62,3.43,0.0,4.21,afternoon,0,2025-09-10T15:17:46.513270
"Kandy,LK",27.03,62,3.43,0.0,4.27,afternoon,0,2025-09-10T15:17:49.446467
"Kandy,LK",27.03,62,3.43,0.0,3.65,afternoon,0,2025-09-10T15:17:52.615510
"Kandy,LK",27.03,62,3.43,0.0,5.06,afternoon,1,2025-09-10T15:17:55.580402
"Galle,LK",27.27,81,5.83,0.0,3.88,afternoon,0,2025-09-10T15:17:58.704907
"Galle,LK",27.27,81,5.83,0.0,1.28,afternoon,0,2025-09-10T15:18:01.517908
"Galle,LK",27.27,81,5.83,0.0,4.36,afternoon,0,2025-09-10T15:18:04.434251
"Galle,LK",27.27,81,5.83,0.0,5.11,afternoon,1,2025-09-10T15:18:07.299241
"Galle,LK",27.27,81,5.83,0.0,4.89,afternoon,0,2025-09-10T15:18:10.226021
"Galle,LK",27.27,81,5.83,0.0,1.36,afternoon,0,2025-09-10T15:18:14.118572
"Galle,LK",27.27,81,5.83,0.0,3.21,afternoon,0,2025-09-10T15:18:17.077073
"Galle,LK",27.27,81,5.83,0.0,2.42,afternoon,0,2025-09-10T15:18:20.102374
"Galle,LK",27.27,81,5.83,0.0,1.39,afternoon,0,2025-09-10T15:18:22.971515
"Galle,LK",27.27,81,5.83,0.0,0.7,afternoon,0,2025-09-10T15:18:25.890642
"Jaffna,LK",28.27,78,9.67,0.0,4.62,afternoon,0,2025-09-10T15:18:28.869948
"Jaffna,LK",28.27,78,9.67,0.0,5.36,afternoon,1,2025-09-10T15:18:31.743652
"Jaffna,LK",28.27,78,9.67,0.0,2.55,afternoon,0,2025-09-10T15:18:34.703873
"Jaffna,LK",28.27,78,9.67,0.0,5.24,afternoon,1,2025-09-10T15:18:37.635471
"Jaffna,LK",28.27,78,9.67,0.0,2.45,afternoon,0,2025-09-10T15:18:40.783576
"Jaffna,LK",28.27,78,9.67,0.0,1.88,afternoon,0,2025-09-10T15:18:43.740494
"Jaffna,LK",28.27,78,9.67,0.0,2.62,afternoon,0,2025-09-10T15:18:46.789080
"Jaffna,LK",28.27,78,9.67,0.0,4.75,afternoon,0,2025-09-10T15:18:49.662931
"Jaffna,LK",28.27,78,9.67,0.0,2.92,afternoon,0,2025-09-10T15:18:52.624450
"Jaffna,LK",28.27,78,9.67,0.0,3.95,afternoon,0,2025-09-10T15:18:55.545273
"Anuradhapura,LK",31.09,53,6.93,0.0,3.81,afternoon,0,2025-09-10T15:18:58.426482
"Anuradhapura,LK",31.09,53,6.93,0.0,1.09,afternoon,0,2025-09-10T15:19:01.391594
"Anuradhapura,LK",31.09,53,6.93,0.0,1.81,afternoon,0,2025-09-10T15:19:04.369570
"Anuradhapura,LK",31.09,53,6.93,0.0,1.61,afternoon,0,2025-09-10T15:19:07.365142
"Anuradhapura,LK",31.09,53,6.93,0.0,1.99,afternoon,0,2025-09-10T15:19:10.333417
"Anuradhapura,LK",31.09,53,6.93,0.0,4.97,afternoon,0,2025-09-10T15:19:13.255295
"Anuradhapura,LK",31.09,53,6.93,0.0,2.14,afternoon,0,2025-09-10T15:19:16.529139
"Anuradhapura,LK",31.09,53,6.93,0.0,3.69,afternoon,0,2025-09-10T15:19:19.690122
"Anuradhapura,LK",31.09,53,6.93,0.0,3.95,afternoon,0,2025-09-10T15:19:23.037531
"Anuradhapura,LK",31.09,53,6.93,0.0,0.51,afternoon,0,2025-09-10T15:19:26.007152
"Nuwara Eliya,LK",17.64,71,2.15,0.0,4.85,afternoon,0,2025-09-10T15:19:29.179971
"Nuwara Eliya,LK",17.64,71,2.15,0.0,1.74,afternoon,0,2025-09-10T15:19:32.150400
"Nuwara Eliya,LK",17.64,71,2.15,0.0,4.84,afternoon,0,2025-09-10T15:19:35.216579
"Nuwara Eliya,LK",17.64,71,2.15,0.0,1.44,afternoon,0,2025-09-10T15:19:38.190501
"Nuwara Eliya,LK",17.64,71,2.15,0.0,4.58,afternoon,0,2025-09-10T15:19:41.252246
"Nuwara Eliya,LK",17.64,71,2.15,0.0,2.43,afternoon,0,2025-09-10T15:19:44.237122
"Nuwara Eliya,LK",17.64,71,2.15,0.0,4.32,afternoon,0,2025-09-10T15:19:47.304400
"Nuwara Eliya,LK",17.64,71,2.15,0.0,4.09,afternoon,0,2025-09-10T15:19:50.251793
"Nuwara Eliya,LK",17.64,71,2.15,0.0,5.31,afternoon,1,2025-09-10T15:19:53.347979
"Nuwara Eliya,LK",17.64,71,2.15,0.0,2.34,afternoon,0,2025-09-10T15:19:56.320794
"Nawalapitiya,LK",25.37,66,2.93,0.0,3.55,afternoon,0,2025-09-10T15:19:59.243145
"Nawalapitiya,LK",25.37,66,2.93,0.0,0.95,afternoon,0,2025-09-10T15:20:02.119144
"Nawalapitiya,LK",25.37,66,2.93,0.0,4.14,afternoon,0,2025-09-10T15:20:05.021651
"Nawalapitiya,LK",25.37,66,2.93,0.0,3.54,afternoon,0,2025-09-10T15:20:08.029744
"Nawalapitiya,LK",25.37,66,2.93,0.0,1.2,afternoon,0,2025-09-10T15:20:10.856128
"Nawalapitiya,LK",25.37,66,2.93,0.0,1.75,afternoon,0,2025-09-10T15:20:14.031185
"Nawalapitiya,LK",25.37,66,2.93,0.0,5.13,afternoon,1,2025-09-10T15:20:17.100658
"Nawalapitiya,LK",25.37,66,2.93,0.0,1.11,afternoon,0,2025-09-10T15:20:20.277703
"Nawalapitiya,LK",25.37,66,2.93,0.0,0.67,afternoon,0,2025-09-10T15:20:23.244421
"Nawalapitiya,LK",25.37,66,2.93,0.0,5.17,afternoon,1,2025-09-10T15:20:26.217209
"Hatton,LK",22.37,68,3.17,0.0,1.67,afternoon,0,2025-09-10T15:20:29.391409
"Hatton,LK",22.37,68,3.17,0.0,2.21,afternoon,0,2025-09-10T15:20:32.358744
"Hatton,LK",22.37,68,3.17,0.0,3.87,afternoon,0,2025-09-10T15:20:35.430928
"Hatton,LK",22.37,68,3.17,0.0,3.74,afternoon,0,2025-09-10T15:20:38.833902
"Hatton,LK",22.37,68,3.17,0.0,4.2,afternoon,0,2025-09-10T15:20:42.016743
"Hatton,LK",22.37,68,3.17,0.0,5.03,afternoon,1,2025-09-10T15:20:44.896198
"Hatton,LK",22.37,68,3.17,0.0,2.62,afternoon,0,2025-09-10T15:20:47.833769
"Hatton,LK",22.37,68,3.17,0.0,4.57,afternoon,0,2025-09-10T15:20:50.793785
"Hatton,LK",22.37,68,3.17,0.0,3.95,afternoon,0,2025-09-10T15:20:53.765090
"Hatton,LK",22.37,68,3.17,0.0,4.38,afternoon,0,2025-09-10T15:20:56.731756
"Colombo,LK",26.52,84,5.03,0.14,4.65,evening,0,2025-09-10T19:40:19.908637
"Colombo,LK",26.52,84,5.03,0.14,1.11,evening,0,2025-09-10T19:40:22.241365
"Colombo,LK",26.52,84,5.03,0.14,3.9,evening,0,2025-09-10T19:40:24.788326
"Colombo,LK",26.52,84,5.03,0.14,3.97,evening,0,2025-09-10T19:40:27.113498
"Colombo,LK",26.52,84,5.03,0.14,4.94,evening,0,2025-09-10T19:40:29.641876
"Colombo,LK",26.52,84,5.03,0.14,3.21,evening,0,2025-09-10T19:40:31.969456
"Colombo,LK",26.52,84,5.03,0.14,4.54,evening,0,2025-09-10T19:40:34.498386
"Colombo,LK",26.52,84,5.03,0.14,4.95,evening,0,2025-09-10T19:40:36.941453
"Colombo,LK",26.52,84,5.03,0.14,3.16,evening,0,2025-09-10T19:40:39.388592
"Colombo,LK",26.52,84,5.03,0.14,3.35,evening,0,2025-09-10T19:40:41.991424
"Malabe,LK",25.44,89,2.88,0.27,3.08,evening,0,2025-09-10T19:40:47.302206
"Malabe,LK",25.44,89,2.88,0.27,4.01,evening,0,2025-09-10T19:40:49.801504
"Malabe,LK",25.44,89,2.88,0.27,1.9,evening,0,2025-09-10T19:40:52.656877
"Malabe,LK",25.44,89,2.88,0.27,1.47,evening,0,2025-09-10T19:40:55.756556
"Malabe,LK",25.44,89,2.88,0.27,1.94,evening,0,2025-09-10T19:40:58.245713
"Malabe,LK",25.44,89,2.88,0.27,2.6,evening,0,2025-09-10T19:41:00.829582
"Malabe,LK",25.44,89,2.88,0.27,1.08,evening,0,2025-09-10T19:41:04.855069
"Malabe,LK",25.44,89,2.88,0.27,3.32,evening,0,2025-09-10T19:41:07.155762
"Malabe,LK",25.44,89,2.88,0.27,5.13,evening,1,2025-09-10T19:41:09.779283
"Malabe,LK",25.44,89,2.88,0.27,1.6,evening,0,2025-09-10T19:41:12.735306
"Kandy,LK",21.48,94,0.96,0.0,3.72,evening,0,2025-09-10T19:41:15.327762
"Kandy,LK",21.48,94,0.96,0.0,5.28,evening,1,2025-09-10T19:41:17.816914
"Kandy,LK",21.48,94,0.96,0.0,0.87,evening,0,2025-09-10T19:41:20.608606
"Kandy,LK",21.48,94,0.96,0.0,0.56,evening,0,2025-09-10T19:41:23.045712
"Kandy,LK",21.48,94,0.96,0.0,3.47,evening,0,2025-09-10T19:41:26.614812
"Kandy,LK",21.48,94,0.96,0.0,3.77,evening,0,2025-09-10T19:41:29.910628
"Kandy,LK",21.48,94,0.96,0.0,3.42,evening,0,2025-09-10T19:41:32.652458
"Kandy,LK",21.48,94,0.96,0.0,1.43,evening,0,2025-09-10T19:41:35.502583
"Kandy,LK",21.48,94,0.96,0.0,3.04,evening,0,2025-09-10T19:41:38.767534
"Kandy,LK",21.48,94,0.96,0.0,1.73,evening,0,2025-09-10T19:41:41.148895
"Galle,LK",26.55,85,4.89,0.0,0.95,evening,0,2025-09-10T19:41:43.531400
"Galle,LK",26.55,85,4.89,0.0,3.29,evening,0,2025-09-10T19:41:45.880827
"Galle,LK",26.55,85,4.89,0.0,0.92,evening,0,2025-09-10T19:41:48.284339
"Galle,LK",26.55,85,4.89,0.0,4.26,evening,0,2025-09-10T19:41:50.835361
"Galle,LK",26.55,85,4.89,0.0,2.25,evening,0,2025-09-10T19:41:53.221284
"Galle,LK",26.55,85,4.89,0.0,1.9,evening,0,2025-09-10T19:41:55.459045
"Galle,LK",26.55,85,4.89,0.0,3.15,evening,0,2025-09-10T19:41:57.674002
"Galle,LK",26.55,85,4.89,0.0,5.15,evening,1,2025-09-10T19:41:59.925234
"Galle,LK",26.55,85,4.89,0.0,1.13,evening,0,2025-09-10T19:42:02.146779
"Galle,LK",26.55,85,4.89,0.0,4.41,evening,0,2025-09-10T19:42:04.417021
"Jaffna,LK",27.6,80,10.26,0.0,1.59,evening,0,2025-09-10T19:42:06.808389
"Jaffna,LK",27.6,80,10.26,0.0,3.22,evening,0,2025-09-10T19:42:09.142872
"Jaffna,LK",27.6,80,10.26,0.0,5.38,evening,1,2025-09-10T19:42:11.524207
"Jaffna,LK",27.6,80,10.26,0.0,0.91,evening,0,2025-09-10T19:42:13.765805
"Jaffna,LK",27.6,80,10.26,0.0,3.47,evening,0,2025-09-10T19:42:15.992426
"Jaffna,LK",27.6,80,10.26,0.0,5.25,evening,1,2025-09-10T19:42:18.288937
"Jaffna,LK",27.6,80,10.26,0.0,3.18,evening,0,2025-09-10T19:42:20.525291
"Jaffna,LK",27.6,80,10.26,0.0,2.92,evening,0,2025-09-10T19:42:22.845803
"Jaffna,LK",27.6,80,10.26,0.0,2.22,evening,0,2025-09-10T19:42:25.134939
"Jaffna,LK",27.6,80,10.26,0.0,0.63,evening,0,2025-09-10T19:42:27.350098
"Anuradhapura,LK",26.51,77,5.58,0.0,1.69,evening,0,2025-09-10T19:42:29.665598
"Anuradhapura,LK",26.51,77,5.58,0.0,2.76,evening,0,2025-09-10T19:42:31.949088
"Anuradhapura,LK",26.51,77,5.58,0.0,3.19,evening,0,2025-09-10T19:42:34.170660
"Anuradhapura,LK",26.51,77,5.58,0.0,4.84,evening,0,2025-09-10T19:42:36.393944
"Anuradhapura,LK",26.51,77,5.58,0.0,3.41,evening,0,2025-09-10T19:42:38.655855
"Anuradhapura,LK",26.51,77,5.58,0.0,2.14,evening,0,2025-09-10T19:42:40.939066
"Anuradhapura,LK",26.51,77,5.58,0.0,2.63,evening,0,2025-09-10T19:42:43.322954
"Anuradhapura,LK",26.51,77,5.58,0.0,2.65,evening,0,2025-09-10T19:42:45.573156
"Anuradhapura,LK",26.51,77,5.58,0.0,1.6,evening,0,2025-09-10T19:42:47.861735
"Anuradhapura,LK",26.51,77,5.58,0.0,4.84,evening,0,2025-09-10T19:42:50.221585
"Nuwara Eliya,LK",13.3,94,1.39,0.33,4.21,evening,0,2025-09-10T19:42:52.779364
"Nuwara Eliya,LK",13.3,94,1.39,0.33,0.7,evening,0,2025-09-10T19:42:55.043430
"Nuwara Eliya,LK",13.3,94,1.39,0.33,1.95,evening,0,2025-09-10T19:42:57.283484
"Nuwara Eliya,LK",13.3,94,1.39,0.33,1.98,evening,0,2025-09-10T19:42:59.484393
"Nuwara Eliya,LK",13.3,94,1.39,0.33,4.29,evening,0,2025-09-10T19:43:01.736771
"Nuwara Eliya,LK",13.3,94,1.39,0.33,2.58,evening,0,2025-09-10T19:43:03.960104
"Nuwara Eliya,LK",13.3,94,1.39,0.33,1.56,evening,0,2025-09-10T19:43:06.224318
"Nuwara Eliya,LK",13.3,94,1.39,0.33,3.14,evening,0,2025-09-10T19:43:08.556706
"Nuwara Eliya,LK",13.3,94,1.39,0.33,2.85,evening,0,2025-09-10T19:43:11.155265
"Nuwara Eliya,LK",13.3,94,1.39,0.33,0.55,evening,0,2025-09-10T19:43:13.512664
"Nawalapitiya,LK",19.79,97,1.24,0.0,3.66,evening,0,2025-09-10T19:43:15.761100
"Nawalapitiya,LK",19.79,97,1.24,0.0,3.8,evening,0,2025-09-10T19:43:17.981966
"Nawalapitiya,LK",19.79,97,1.24,0.0,0.76,evening,0,2025-09-10T19:43:20.197070
"Nawalapitiya,LK",19.79,97,1.24,0.0,3.48,evening,0,2025-09-10T19:43:22.428715
"Nawalapitiya,LK",19.79,97,1.24,0.0,5.37,evening,1,2025-09-10T19:43:24.767392
"Nawalapitiya,LK",19.79,97,1.24,0.0,5.0,evening,0,2025-09-10T19:43:27.088830
"Nawalapitiya,LK",19.79,97,1.24,0.0,4.54,evening,0,2025-09-10T19:43:29.388988
"Nawalapitiya,LK",19.79,97,1.24,0.0,0.84,evening,0,2025-09-10T19:43:31.657263
"Nawalapitiya,LK",19.79,97,1.24,0.0,2.16,evening,0,2025-09-10T19:43:33.914552
"Nawalapitiya,LK",19.79,97,1.24,0.0,3.84,evening,0,2025-09-10T19:43:36.145807
"Hatton,LK",17.27,96,0.86,0.0,1.51,evening,0,2025-09-10T19:43:38.392427
"Hatton,LK",17.27,96,0.86,0.0,4.64,evening,0,2025-09-10T19:43:40.624278
"Hatton,LK",17.27,96,0.86,0.0,4.44,evening,0,2025-09-10T19:43:42.863990
"Hatton,LK",17.27,96,0.86,0.0,3.72,evening,0,2025-09-10T19:43:45.182336
"Hatton,LK",17.27,96,0.86,0.0,3.0,evening,0,2025-09-10T19:43:47.420260
"Hatton,LK",17.27,96,0.86,0.0,4.7,evening,0,2025-09-10T19:43:49.668404
"Hatton,LK",17.27,96,0.86,0.0,5.47,evening,1,2025-09-10T19:43:52.023464
"Hatton,LK",17.27,96,0.86,0.0,0.81,evening,0,2025-09-10T19:43:54.266587
"Hatton,LK",17.27,96,0.86,0.0,4.64,evening,0,2025-09-10T19:43:56.546431
"Hatton,LK",17.27,96,0.86,0.0,2.76,evening,0,2025-09-10T19:43:58.872816
"Colombo,LK",26.36,85,4.37,0.35,4.01,night,0,2025-09-10T20:37:55.083589
"Colombo,LK",26.36,85,4.37,0.35,2.33,night,0,2025-09-10T20:37:57.350597
"Colombo,LK",26.36,85,4.37,0.35,1.51,night,0,2025-09-10T20:37:59.593654
"Colombo,LK",26.36,85,4.37,0.35,1.46,night,0,2025-09-10T20:38:01.829145
"Colombo,LK",26.36,85,4.37,0.35,4.08,night,0,2025-09-10T20:38:04.105308
"Colombo,LK",26.36,85,4.37,0.35,3.87,night,0,2025-09-10T20:38:06.463636
"Colombo,LK",26.36,85,4.37,0.35,2.16,night,0,2025-09-10T20:38:08.721843
"Colombo,LK",26.36,85,4.37,0.35,2.71,night,0,2025-09-10T20:38:11.011496
"Colombo,LK",26.36,85,4.37,0.35,4.34,night,0,2025-09-10T20:38:13.273468
"Colombo,LK",26.36,85,4.37,0.35,1.3,night,0,2025-09-10T20:38:15.529687
"Malabe,LK",25.16,90,2.29,0.42,1.31,night,0,2025-09-10T20:38:17.803469
"Malabe,LK",25.16,90,2.29,0.42,2.7,night,0,2025-09-10T20:38:20.066811
"Malabe,LK",25.16,90,2.29,0.42,2.41,night,0,2025-09-10T20:38:22.296955
"Malabe,LK",25.16,90,2.29,0.42,2.78,night,0,2025-09-10T20:38:24.620617
"Malabe,LK",25.16,90,2.29,0.42,2.01,night,0,2025-09-10T20:38:27.078043
"Malabe,LK",25.16,90,2.29,0.42,3.42,night,0,2025-09-10T20:38:29.323282
"Malabe,LK",25.16,90,2.29,0.42,1.33,night,0,2025-09-10T20:38:31.610556
"Malabe,LK",25.16,90,2.29,0.42,4.61,night,0,2025-09-10T20:38:33.907255
"Malabe,LK",25.16,90,2.29,0.42,2.86,night,0,2025-09-10T20:38:36.291312
"Malabe,LK",25.16,90,2.29,0.42,4.1,night,0,2025-09-10T20:38:38.554437
"Kandy,LK",21.13,95,1.01,0.0,0.98,night,0,2025-09-10T20:38:40.810039
"Kandy,LK",21.13,95,1.01,0.0,3.12,night,0,2025-09-10T20:38:43.144137
"Kandy,LK",21.13,95,1.01,0.0,2.88,night,0,2025-09-10T20:38:45.399676
"Kandy,LK",21.13,95,1.01,0.0,2.41,night,0,2025-09-10T20:38:47.934486
"Kandy,LK",21.13,95,1.01,0.0,4.56,night,0,2025-09-10T20:38:50.178504
"Kandy,LK",21.13,95,1.01,0.0,4.83,night,0,2025-09-10T20:38:52.446489
"Kandy,LK",21.13,95,1.01,0.0,3.17,night,0,2025-09-10T20:38:54.677176
"Kandy,LK",21.13,95,1.01,0.0,0.7,night,0,2025-09-10T20:38:57.144739
"Kandy,LK",21.13,95,1.01,0.0,1.23,night,0,2025-09-10T20:38:59.389485
"Kandy,LK",21.13,95,1.01,0.0,1.64,night,0,2025-09-10T20:39:01.639213
"Galle,LK",26.48,84,4.81,0.0,1.12,night,0,2025-09-10T20:39:03.883676
"Galle,LK",26.48,84,4.81,0.0,2.68,night,0,2025-09-10T20:39:06.113416
"Galle,LK",26.48,84,4.81,0.0,3.99,night,0,2025-09-10T20:39:08.354763
"Galle,LK",26.48,84,4.81,0.0,2.07,night,0,2025-09-10T20:39:10.604499
"Galle,LK",26.48,84,4.81,0.0,2.45,night,0,2025-09-10T20:39:13.013315
"Galle,LK",26.48,84,4.81,0.0,4.66,night,0,2025-09-10T20:39:15.305516
"Galle,LK",26.48,84,4.81,0.0,2.62,night,0,2025-09-10T20:39:17.606631
"Galle,LK",26.48,84,4.81,0.0,0.94,night,0,2025-09-10T20:39:19.887520
"Galle,LK",26.48,84,4.81,0.0,2.01,night,0,2025-09-10T20:39:22.119158
"Galle,LK",26.48,84,4.81,0.0,1.24,night,0,2025-09-10T20:39:24.371829
"Jaffna,LK",27.68,80,10.24,0.0,4.41,night,0,2025-09-10T20:39:26.605620
"Jaffna,LK",27.68,80,10.24,0.0,5.41,night,1,2025-09-10T20:39:28.849363
"Jaffna,LK",27.68,80,10.24,0.0,4.25,night,0,2025-09-10T20:39:31.110545
"Jaffna,LK",27.68,80,10.24,0.0,5.19,night,1,2025-09-10T20:39:33.579419
"Jaffna,LK",27.68,80,10.24,0.0,4.18,night,0,2025-09-10T20:39:35.811286
"Jaffna,LK",27.68,80,10.24,0.0,2.87,night,0,2025-09-10T20:39:38.100365
"Jaffna,LK",27.68,80,10.24,0.0,1.94,night,0,2025-09-10T20:39:40.327380
"Jaffna,LK",27.68,80,10.24,0.0,1.12,night,0,2025-09-10T20:39:42.636898
"Jaffna,LK",27.68,80,10.24,0.0,1.61,night,0,2025-09-10T20:39:44.923799
"Jaffna,LK",27.68,80,10.24,0.0,3.33,night,0,2025-09-10T20:39:47.238803
"Anuradhapura,LK",26.02,80,5.48,0.0,1.35,night,0,2025-09-10T20:39:49.679594
"Anuradhapura,LK",26.02,80,5.48,0.0,3.62,night,0,2025-09-10T20:39:51.941799
"Anuradhapura,LK",26.02,80,5.48,0.0,0.94,night,0,2025-09-10T20:39:54.192179
"Anuradhapura,LK",26.02,80,5.48,0.0,3.42,night,0,2025-09-10T20:39:56.431981
"Anuradhapura,LK",26.02,80,5.48,0.0,1.22,night,0,2025-09-10T20:39:58.798876
"Anuradhapura,LK",26.02,80,5.48,0.0,5.37,night,1,2025-09-10T20:40:01.193283
"Anuradhapura,LK",26.02,80,5.48,0.0,2.99,night,0,2025-09-10T20:40:03.632132
"Anuradhapura,LK",26.02,80,5.48,0.0,1.09,night,0,2025-09-10T20:40:06.014730
"Anuradhapura,LK",26.02,80,5.48,0.0,4.18,night,0,2025-09-10T20:40:08.417785
"Anuradhapura,LK",26.02,80,5.48,0.0,4.55,night,0,2025-09-10T20:40:10.974109
"Nuwara Eliya,LK",13.21,92,1.44,0.14,4.34,night,0,2025-09-10T20:40:13.364696
"Nuwara Eliya,LK",13.21,92,1.44,0.14,0.86,night,0,2025-09-10T20:40:15.766952
"Nuwara Eliya,LK",13.21,92,1.44,0.14,1.23,night,0,2025-09-10T20:40:18.067088
"Nuwara Eliya,LK",13.21,92,1.44,0.14,4.51,night,0,2025-09-10T20:40:20.412941
"Nuwara Eliya,LK",13.21,92,1.44,0.14,0.97,night,0,2025-09-10T20:40:22.851176
"Nuwara Eliya,LK",13.21,92,1.44,0.14,5.46,night,1,2025-09-10T20:40:25.233840
"Nuwara Eliya,LK",13.21,92,1.44,0.14,5.06,night,1,2025-09-10T20:40:27.576609
"Nuwara Eliya,LK",13.21,92,1.44,0.14,0.61,night,0,2025-09-10T20:40:29.925382
"Nuwara Eliya,LK",13.21,92,1.44,0.14,5.02,night,1,2025-09-10T20:40:32.560889
"Nuwara Eliya,LK",13.21,92,1.44,0.14,4.01,night,0,2025-09-10T20:40:34.942510
"Nawalapitiya,LK",19.66,95,1.66,0.0,5.07,night,1,2025-09-10T20:40:37.383411
"Nawalapitiya,LK",19.66,95,1.66,0.0,1.04,night,0,2025-09-10T20:40:39.738881
"Nawalapitiya,LK",19.66,95,1.66,0.0,1.17,night,0,2025-09-10T20:40:42.086775
"Nawalapitiya,LK",19.66,95,1.66,0.0,4.87,night,0,2025-09-10T20:40:44.450760
"Nawalapitiya,LK",19.66,95,1.66,0.0,3.14,night,0,2025-09-10T20:40:46.760619
"Nawalapitiya,LK",19.66,95,1.66,0.0,1.35,night,0,2025-09-10T20:40:49.014805
"Nawalapitiya,LK",19.66,95,1.66,0.0,2.66,night,0,2025-09-10T20:40:51.332143
"Nawalapitiya,LK",19.66,95,1.66,0.0,5.32,night,1,2025-09-10T20:40:53.615372
"Nawalapitiya,LK",19.66,95,1.66,0.0,5.16,night,1,2025-09-10T20:40:55.918287
"Nawalapitiya,LK",19.66,95,1.66,0.0,2.55,night,0,2025-09-10T20:40:58.187835
"Hatton,LK",17.21,93,0.53,0.0,2.32,night,0,2025-09-10T20:41:00.528347
"Hatton,LK",17.21,93,0.53,0.0,4.31,night,0,2025-09-10T20:41:02.891322
"Hatton,LK",17.21,93,0.53,0.0,0.84,night,0,2025-09-10T20:41:05.250424
"Hatton,LK",17.21,93,0.53,0.0,3.39,night,0,2025-09-10T20:41:07.644232
"Hatton,LK",17.21,93,0.53,0.0,4.14,night,0,2025-09-10T20:41:09.955144
"Hatton,LK",17.21,93,0.53,0.0,3.4,night,0,2025-09-10T20:41:12.357634
"Hatton,LK",17.21,93,0.53,0.0,2.04,night,0,2025-09-10T20:41:14.661106
"Hatton,LK",17.21,93,0.53,0.0,0.66,night,0,2025-09-10T20:41:16.970850
"Hatton,LK",17.21,93,0.53,0.0,3.77,night,0,2025-09-10T20:41:19.268094
"Hatton,LK",17.21,93,0.53,0.0,2.21,night,0,2025-09-10T20:41:21.586387
"Colombo,LK",26.35,86,4.16,0.2,5.24,night,1,2025-09-10T22:41:39.008947
"Colombo,LK",26.35,86,4.16,0.2,3.48,night,0,2025-09-10T22:41:41.271882
"Colombo,LK",26.35,86,4.16,0.2,2.59,night,0,2025-09-10T22:41:43.590020
"Colombo,LK",26.35,86,4.16,0.2,3.68,night,0,2025-09-10T22:41:45.842613
"Colombo,LK",26.35,86,4.16,0.2,3.28,night,0,2025-09-10T22:41:48.137443
"Colombo,LK",26.35,86,4.16,0.2,4.67,night,0,2025-09-10T22:41:50.445831
"Colombo,LK",26.35,86,4.16,0.2,1.36,night,0,2025-09-10T22:41:52.701015
"Colombo,LK",26.35,86,4.16,0.2,1.81,night,0,2025-09-10T22:41:54.932074
"Colombo,LK",26.35,86,4.16,0.2,0.98,night,0,2025-09-10T22:41:57.276986
"Colombo,LK",26.35,86,4.16,0.2,5.37,night,1,2025-09-10T22:41:59.637894
"Malabe,LK",25.08,91,1.91,0.23,0.91,night,0,2025-09-10T22:42:01.892815
"Malabe,LK",25.08,91,1.91,0.23,3.03,night,0,2025-09-10T22:42:04.134361
"Malabe,LK",25.08,91,1.91,0.23,5.3,night,1,2025-09-10T22:42:06.395843
"Malabe,LK",25.08,91,1.91,0.23,1.58,night,0,2025-09-10T22:42:08.735650
"Malabe,LK",25.08,91,1.91,0.23,1.8,night,0,2025-09-10T22:42:10.949831
"Malabe,LK",25.08,91,1.91,0.23,4.41,night,0,2025-09-10T22:42:13.219952
"Malabe,LK",25.08,91,1.91,0.23,4.36,night,0,2025-09-10T22:42:15.447383
"Malabe,LK",25.08,91,1.91,0.23,1.22,night,0,2025-09-10T22:42:17.698915
"Malabe,LK",25.08,91,1.91,0.23,1.25,night,0,2025-09-10T22:42:19.989685
"Malabe,LK",25.08,91,1.91,0.23,4.08,night,0,2025-09-10T22:42:22.241890
"Kandy,LK",20.81,92,1.44,0.0,3.49,night,0,2025-09-10T22:42:24.478662
"Kandy,LK",20.81,92,1.44,0.0,2.21,night,0,2025-09-10T22:42:26.750866
"Kandy,LK",20.81,92,1.44,0.0,0.6,night,0,2025-09-10T22:42:29.026584
"Kandy,LK",20.81,92,1.44,0.0,5.26,night,1,2025-09-10T22:42:31.260037
"Kandy,LK",20.81,92,1.44,0.0,1.55,night,0,2025-09-10T22:42:33.498662
"Kandy,LK",20.81,92,1.44,0.0,4.0,night,0,2025-09-10T22:42:35.711320
"Kandy,LK",20.81,92,1.44,0.0,2.2,night,0,2025-09-10T22:42:37.955604
"Kandy,LK",20.81,92,1.44,0.0,3.67,night,0,2025-09-10T22:42:40.201874
"Kandy,LK",20.81,92,1.44,0.0,3.07,night,0,2025-09-10T22:42:42.471312
"Kandy,LK",20.81,92,1.44,0.0,2.69,night,0,2025-09-10T22:42:44.702110
"Galle,LK",26.4,85,4.61,0.0,2.75,night,0,2025-09-10T22:42:47.036310
"Galle,LK",26.4,85,4.61,0.0,2.82,night,0,2025-09-10T22:42:49.259860
"Galle,LK",26.4,85,4.61,0.0,3.63,night,0,2025-09-10T22:42:51.480751
"Galle,LK",26.4,85,4.61,0.0,2.34,night,0,2025-09-10T22:42:53.671945
"Galle,LK",26.4,85,4.61,0.0,5.36,night,1,2025-09-10T22:42:55.933880
"Galle,LK",26.4,85,4.61,0.0,4.69,night,0,2025-09-10T22:42:58.213052
"Galle,LK",26.4,85,4.61,0.0,1.12,night,0,2025-09-10T22:43:00.496015
"Galle,LK",26.4,85,4.61,0.0,4.91,night,0,2025-09-10T22:43:02.753973
"Galle,LK",26.4,85,4.61,0.0,2.12,night,0,2025-09-10T22:43:05.014832
"Galle,LK",26.4,85,4.61,0.0,2.18,night,0,2025-09-10T22:43:07.340404
"Jaffna,LK",27.69,81,9.99,0.0,0.91,night,0,2025-09-10T22:43:09.559659
"Jaffna,LK",27.69,81,9.99,0.0,5.34,night,1,2025-09-10T22:43:11.786952
"Jaffna,LK",27.69,81,9.99,0.0,1.88,night,0,2025-09-10T22:43:14.036269
"Jaffna,LK",27.69,81,9.99,0.0,0.91,night,0,2025-09-10T22:43:16.270833
"Jaffna,LK",27.69,81,9.99,0.0,0.59,night,0,2025-09-10T22:43:18.597786
"Jaffna,LK",27.69,81,9.99,0.0,4.33,night,0,2025-09-10T22:43:20.940696
"Jaffna,LK",27.69,81,9.99,0.0,2.98,night,0,2025-09-10T22:43:23.302731
"Jaffna,LK",27.69,81,9.99,0.0,1.92,night,0,2025-09-10T22:43:25.540714
"Jaffna,LK",27.69,81,9.99,0.0,3.46,night,0,2025-09-10T22:43:27.911076
"Jaffna,LK",27.69,81,9.99,0.0,3.26,night,0,2025-09-10T22:43:30.141128
"Anuradhapura,LK",25.52,83,4.96,0.0,1.37,night,0,2025-09-10T22:43:32.513428
"Anuradhapura,LK",25.52,83,4.96,0.0,2.15,night,0,2025-09-10T22:43:34.765645
"Anuradhapura,LK",25.52,83,4.96,0.0,4.15,night,0,2025-09-10T22:43:37.153190
"Anuradhapura,LK",25.52,83,4.96,0.0,1.2,night,0,2025-09-10T22:43:39.384047
"Anuradhapura,LK",25.52,83,4.96,0.0,3.16,night,0,2025-09-10T22:43:41.655872
"Anuradhapura,LK",25.52,83,4.96,0.0,1.11,night,0,2025-09-10T22:43:43.890661
"Anuradhapura,LK",25.52,83,4.96,0.0,3.89,night,0,2025-09-10T22:43:46.144691
"Anuradhapura,LK",25.52,83,4.96,0.0,0.54,night,0,2025-09-10T22:43:48.390060
"Anuradhapura,LK",25.52,83,4.96,0.0,2.03,night,0,2025-09-10T22:43:50.633234
"Anuradhapura,LK",25.52,83,4.96,0.0,4.47,night,0,2025-09-10T22:43:52.844933
"Nuwara Eliya,LK",12.6,84,2.22,0.0,1.37,night,0,2025-09-10T22:43:55.079678
"Nuwara Eliya,LK",12.6,84,2.22,0.0,2.75,night,0,2025-09-10T22:43:57.347052
"Nuwara Eliya,LK",12.6,84,2.22,0.0,3.58,night,0,2025-09-10T22:43:59.582497
"Nuwara Eliya,LK",12.6,84,2.22,0.0,2.58,night,0,2025-09-10T22:44:01.856007
"Nuwara Eliya,LK",12.6,84,2.22,0.0,3.31,night,0,2025-09-10T22:44:04.100770
"Nuwara Eliya,LK",12.6,84,2.22,0.0,1.86,night,0,2025-09-10T22:44:06.381166
"Nuwara Eliya,LK",12.6,84,2.22,0.0,0.56,night,0,2025-09-10T22:44:08.711467
"Nuwara Eliya,LK",12.6,84,2.22,0.0,2.53,night,0,2025-09-10T22:44:11.257738
"Nuwara Eliya,LK",12.6,84,2.22,0.0,3.22,night,0,2025-09-10T22:44:13.577372
"Nuwara Eliya,LK",12.6,84,2.22,0.0,3.28,night,0,2025-09-10T22:44:15.942186
"Nawalapitiya,LK",19.21,93,1.59,0.0,3.62,night,0,2025-09-10T22:44:18.185836
"Nawalapitiya,LK",19.21,93,1.59,0.0,0.6,night,0,2025-09-10T22:44:20.434087
"Nawalapitiya,LK",19.21,93,1.59,0.0,4.4,night,0,2025-09-10T22:44:22.654472
"Nawalapitiya,LK",19.21,93,1.59,0.0,2.7,night,0,2025-09-10T22:44:24.939673
"Nawalapitiya,LK",19.21,93,1.59,0.0,4.45,night,0,2025-09-10T22:44:27.181519
"Nawalapitiya,LK",19.21,93,1.59,0.0,4.39,night,0,2025-09-10T22:44:29.547628
"Nawalapitiya,LK",19.21,93,1.59,0.0,3.48,night,0,2025-09-10T22:44:31.930350
"Nawalapitiya,LK",19.21,93,1.59,0.0,1.86,night,0,2025-09-10T22:44:34.224330
"Nawalapitiya,LK",19.21,93,1.59,0.0,2.84,night,0,2025-09-10T22:44:36.477048
"Nawalapitiya,LK",19.21,93,1.59,0.0,1.1,night,0,2025-09-10T22:44:38.723397
"Hatton,LK",16.66,89,0.86,0.0,2.13,night,0,2025-09-10T22:44:40.952253
"Hatton,LK",16.66,89,0.86,0.0,1.32,night,0,2025-09-10T22:44:43.174129
"Hatton,LK",16.66,89,0.86,0.0,2.0,night,0,2025-09-10T22:44:45.412023
"Hatton,LK",16.66,89,0.86,0.0,4.0,night,0,2025-09-10T22:44:47.660385
"Hatton,LK",16.66,89,0.86,0.0,1.24,night,0,2025-09-10T22:44:50.040076
"Hatton,LK",16.66,89,0.86,0.0,1.36,night,0,2025-09-10T22:44:52.269719
"Hatton,LK",16.66,89,0.86,0.0,3.37,night,0,2025-09-10T22:44:54.631335
"Hatton,LK",16.66,89,0.86,0.0,2.3,night,0,2025-09-10T22:44:56.935976
"Hatton,LK",16.66,89,0.86,0.0,2.15,night,0,2025-09-10T22:44:59.189279
"Hatton,LK",16.66,89,0.86,0.0,3.21,night,0,2025-09-10T22:45:01.461540
"Colombo,LK",30.58,72,5.03,0.0,2.41,morning,0,2025-09-14T09:48:27.160053
"Colombo,LK",30.58,72,5.03,0.0,3.16,morning,0,2025-09-14T09:48:29.566293
"Colombo,LK",30.58,72,5.03,0.0,1.29,morning,0,2025-09-14T09:48:32.141731
"Colombo,LK",30.58,72,5.03,0.0,5.06,morning,1,2025-09-14T09:48:34.363023
"Colombo,LK",30.58,72,5.03,0.0,1.14,morning,0,2025-09-14T09:48:36.938823
"Colombo,LK",30.58,72,5.03,0.0,1.43,morning,0,2025-09-14T09:48:39.423335
"Colombo,LK",30.58,72,5.03,0.0,4.14,morning,0,2025-09-14T09:48:41.710027
"Colombo,LK",30.58,72,5.03,0.0,1.26,morning,0,2025-09-14T09:48:44.062469
"Colombo,LK",30.58,72,5.03,0.0,3.43,morning,0,2025-09-14T09:48:46.425192
"Colombo,LK",30.58,72,5.03,0.0,4.29,morning,0,2025-09-14T09:48:48.664869
"Malabe,LK",30.54,68,1.79,0.0,1.56,morning,0,2025-09-14T09:48:50.913453
"Malabe,LK",30.54,68,1.79,0.0,1.7,morning,0,2025-09-14T09:48:53.154881
"Malabe,LK",30.54,68,1.79,0.0,0.8,morning,0,2025-09-14T09:48:55.670906
"Malabe,LK",30.54,68,1.79,0.0,2.15,morning,0,2025-09-14T09:48:57.934763
"Malabe,LK",30.54,68,1.79,0.0,4.91,morning,0,2025-09-14T09:49:00.215392
"Malabe,LK",30.54,68,1.79,0.0,1.57,morning,0,2025-09-14T09:49:02.445428
"Malabe,LK",30.54,68,1.79,0.0,2.69,morning,0,2025-09-14T09:49:04.693904
"Malabe,LK",30.54,68,1.79,0.0,0.93,morning,0,2025-09-14T09:49:06.956006
"Malabe,LK",30.54,68,1.79,0.0,2.54,morning,0,2025-09-14T09:49:09.382298
"Malabe,LK",30.54,68,1.79,0.0,3.86,morning,0,2025-09-14T09:49:11.749934
"Kandy,LK",26.62,63,2.66,0.0,0.55,morning,0,2025-09-14T09:49:13.995665
"Kandy,LK",26.62,63,2.66,0.0,3.28,morning,0,2025-09-14T09:49:16.275188
"Kandy,LK",26.62,63,2.66,0.0,4.57,morning,0,2025-09-14T09:49:18.505496
"Kandy,LK",26.62,63,2.66,0.0,4.01,morning,0,2025-09-14T09:49:20.751127
"Kandy,LK",26.62,63,2.66,0.0,3.72,morning,0,2025-09-14T09:49:22.988818
"Kandy,LK",26.62,63,2.66,0.0,5.2,morning,1,2025-09-14T09:49:25.256712
"Kandy,LK",26.62,63,2.66,0.0,3.04,morning,0,2025-09-14T09:49:27.510119
"Kandy,LK",26.62,63,2.66,0.0,0.52,morning,0,2025-09-14T09:49:29.817169
"Kandy,LK",26.62,63,2.66,0.0,2.24,morning,0,2025-09-14T09:49:32.089770
"Kandy,LK",26.62,63,2.66,0.0,5.33,morning,1,2025-09-14T09:49:34.377430
"Galle,LK",30.52,73,1.34,0.0,4.09,morning,0,2025-09-14T09:49:36.841403
"Galle,LK",30.52,73,1.34,0.0,1.76,morning,0,2025-09-14T09:49:39.282633
"Galle,LK",30.52,73,1.34,0.0,4.67,morning,0,2025-09-14T09:49:41.551298
"Galle,LK",30.52,73,1.34,0.0,0.71,morning,0,2025-09-14T09:49:43.789134
"Galle,LK",30.52,73,1.34,0.0,1.55,morning,0,2025-09-14T09:49:46.053564
"Galle,LK",30.52,73,1.34,0.0,0.83,morning,0,2025-09-14T09:49:48.288767
"Galle,LK",30.52,73,1.34,0.0,2.86,morning,0,2025-09-14T09:49:50.522278
"Galle,LK",30.52,73,1.34,0.0,3.07,morning,0,2025-09-14T09:49:52.777603
"Galle,LK",30.52,73,1.34,0.0,5.37,morning,1,2025-09-14T09:49:55.023292
"Galle,LK",30.52,73,1.34,0.0,0.76,morning,0,2025-09-14T09:49:57.285265
"Jaffna,LK",28.74,75,7.94,0.0,1.8,morning,0,2025-09-14T09:49:59.547951
"Jaffna,LK",28.74,75,7.94,0.0,2.07,morning,0,2025-09-14T09:50:01.874580
"Jaffna,LK",28.74,75,7.94,0.0,5.13,morning,1,2025-09-14T09:50:04.109933
"Jaffna,LK",28.74,75,7.94,0.0,4.65,morning,0,2025-09-14T09:50:06.666443
"Jaffna,LK",28.74,75,7.94,0.0,2.65,morning,0,2025-09-14T09:50:09.297606
"Jaffna,LK",28.74,75,7.94,0.0,4.3,morning,0,2025-09-14T09:50:11.768191
"Jaffna,LK",28.74,75,7.94,0.0,0.92,morning,0,2025-09-14T09:50:14.233412
"Jaffna,LK",28.74,75,7.94,0.0,2.13,morning,0,2025-09-14T09:50:16.460957
"Jaffna,LK",28.74,75,7.94,0.0,4.7,morning,0,2025-09-14T09:50:18.680177
"Jaffna,LK",28.74,75,7.94,0.0,5.39,morning,1,2025-09-14T09:50:20.941077
"Anuradhapura,LK",30.55,56,6.67,0.0,5.28,morning,1,2025-09-14T09:50:23.627670
"Anuradhapura,LK",30.55,56,6.67,0.0,1.16,morning,0,2025-09-14T09:50:25.854341
"Anuradhapura,LK",30.55,56,6.67,0.0,5.36,morning,1,2025-09-14T09:50:28.080421
"Anuradhapura,LK",30.55,56,6.67,0.0,4.81,morning,0,2025-09-14T09:50:30.645727
"Anuradhapura,LK",30.55,56,6.67,0.0,4.36,morning,0,2025-09-14T09:50:32.903698
"Anuradhapura,LK",30.55,56,6.67,0.0,1.85,morning,0,2025-09-14T09:50:35.161165
"Anuradhapura,LK",30.55,56,6.67,0.0,1.03,morning,0,2025-09-14T09:50:37.549429
"Anuradhapura,LK",30.55,56,6.67,0.0,1.49,morning,0,2025-09-14T09:50:39.919834
"Anuradhapura,LK",30.55,56,6.67,0.0,3.72,morning,0,2025-09-14T09:50:42.146848
"Anuradhapura,LK",30.55,56,6.67,0.0,4.23,morning,0,2025-09-14T09:50:44.410606
"Nuwara Eliya,LK",17.84,59,2.37,0.0,3.15,morning,0,2025-09-14T09:50:46.687434
"Nuwara Eliya,LK",17.84,59,2.37,0.0,3.84,morning,0,2025-09-14T09:50:48.927204
"Nuwara Eliya,LK",17.84,59,2.37,0.0,1.76,morning,0,2025-09-14T09:50:51.154158
"Nuwara Eliya,LK",17.84,59,2.37,0.0,5.01,morning,1,2025-09-14T09:50:53.357094
"Nuwara Eliya,LK",17.84,59,2.37,0.0,0.58,morning,0,2025-09-14T09:50:55.837400
"Nuwara Eliya,LK",17.84,59,2.37,0.0,3.33,morning,0,2025-09-14T09:50:58.282484
"Nuwara Eliya,LK",17.84,59,2.37,0.0,3.76,morning,0,2025-09-14T09:51:00.500741
"Nuwara Eliya,LK",17.84,59,2.37,0.0,3.36,morning,0,2025-09-14T09:51:02.756011
"Nuwara Eliya,LK",17.84,59,2.37,0.0,0.5,morning,0,2025-09-14T09:51:05.110973
"Nuwara Eliya,LK",17.84,59,2.37,0.0,4.32,morning,0,2025-09-14T09:51:07.469354
"Nawalapitiya,LK",25.29,66,2.17,0.0,1.86,morning,0,2025-09-14T09:51:09.731354
"Nawalapitiya,LK",25.29,66,2.17,0.0,1.71,morning,0,2025-09-14T09:51:11.943042
"Nawalapitiya,LK",25.29,66,2.17,0.0,3.27,morning,0,2025-09-14T09:51:14.189679
"Nawalapitiya,LK",25.29,66,2.17,0.0,3.91,morning,0,2025-09-14T09:51:16.437002
"Nawalapitiya,LK",25.29,66,2.17,0.0,5.16,morning,1,2025-09-14T09:51:18.713970
"Nawalapitiya,LK",25.29,66,2.17,0.0,1.12,morning,0,2025-09-14T09:51:20.974578
"Nawalapitiya,LK",25.29,66,2.17,0.0,1.52,morning,0,2025-09-14T09:51:23.334853
"Nawalapitiya,LK",25.29,66,2.17,0.0,3.59,morning,0,2025-09-14T09:51:25.565610
"Nawalapitiya,LK",25.29,66,2.17,0.0,3.36,morning,0,2025-09-14T09:51:27.818481
"Nawalapitiya,LK",25.29,66,2.17,0.0,4.27,morning,0,2025-09-14T09:51:30.078611
"Hatton,LK",22.41,66,3.17,0.0,5.23,morning,1,2025-09-14T09:51:32.316857
"Hatton,LK",22.41,66,3.17,0.0,1.76,morning,0,2025-09-14T09:51:34.692087
"Hatton,LK",22.41,66,3.17,0.0,4.63,morning,0,2025-09-14T09:51:36.913205
"Hatton,LK",22.41,66,3.17,0.0,3.8,morning,0,2025-09-14T09:51:39.352056
"Hatton,LK",22.41,66,3.17,0.0,1.43,morning,0,2025-09-14T09:51:41.563664
"Hatton,LK",22.41,66,3.17,0.0,1.83,morning,0,2025-09-14T09:51:46.199467
"Hatton,LK",22.41,66,3.17,0.0,2.64,morning,0,2025-09-14T09:51:48.415733
"Colombo,LK",31.13,67,4.89,0.0,0.63,morning,0,2025-09-14T10:12:53.380646
"Colombo,LK",31.13,67,4.89,0.0,4.63,morning,0,2025-09-14T10:12:57.116124
"Colombo,LK",31.13,67,4.89,0.0,4.35,morning,0,2025-09-14T10:12:59.657175
"Colombo,LK",31.13,67,4.89,0.0,2.19,morning,0,2025-09-14T10:13:02.262434
"Colombo,LK",31.13,67,4.89,0.0,5.21,morning,1,2025-09-14T10:13:04.811111
"Colombo,LK",31.13,67,4.89,0.0,3.7,morning,0,2025-09-14T10:13:07.355513
"Colombo,LK",31.13,67,4.89,0.0,4.98,morning,0,2025-09-14T10:13:10.222676
"Colombo,LK",31.13,67,4.89,0.0,0.94,morning,0,2025-09-14T10:13:12.955831
"Colombo,LK",31.13,67,4.89,0.0,0.97,morning,0,2025-09-14T10:13:15.647100
"Colombo,LK",31.13,67,4.89,0.0,4.95,morning,0,2025-09-14T10:13:18.482478
"Malabe,LK",31.09,67,1.34,0.0,3.68,morning,0,2025-09-14T10:13:21.050116
"Malabe,LK",31.09,67,1.34,0.0,2.82,morning,0,2025-09-14T10:13:23.648373
"Malabe,LK",31.09,67,1.34,0.0,1.18,morning,0,2025-09-14T10:13:26.357648
"Malabe,LK",31.09,67,1.34,0.0,4.58,morning,0,2025-09-14T10:13:28.952670
"Malabe,LK",31.09,67,1.34,0.0,2.66,morning,0,2025-09-14T10:13:31.482555
"Malabe,LK",31.09,67,1.34,0.0,4.67,morning,0,2025-09-14T10:13:37.127420
"Malabe,LK",31.09,67,1.34,0.0,3.38,morning,0,2025-09-14T10:13:40.298134
"Malabe,LK",31.09,67,1.34,0.0,2.2,morning,0,2025-09-14T10:13:42.896488
"Malabe,LK",31.09,67,1.34,0.0,2.33,morning,0,2025-09-14T10:13:45.443091
"Malabe,LK",31.09,67,1.34,0.0,2.16,morning,0,2025-09-14T10:13:48.686805
"Kandy,LK",27.89,59,3.48,0.0,4.49,morning,0,2025-09-14T10:13:52.235806
"Kandy,LK",27.89,59,3.48,0.0,1.04,morning,0,2025-09-14T10:13:55.107769
"Kandy,LK",27.89,59,3.48,0.0,4.33,morning,0,2025-09-14T10:13:57.662807
"Kandy,LK",27.89,59,3.48,0.0,1.51,morning,0,2025-09-14T10:14:01.941449
"Kandy,LK",27.89,59,3.48,0.0,4.59,morning,0,2025-09-14T10:14:05.136638
"Kandy,LK",27.89,59,3.48,0.0,5.01,morning,1,2025-09-14T10:14:07.937119
"Kandy,LK",27.89,59,3.48,0.0,3.31,morning,0,2025-09-14T10:14:11.613067
"Kandy,LK",27.89,59,3.48,0.0,2.33,morning,0,2025-09-14T10:14:15.101005
"Kandy,LK",27.89,59,3.48,0.0,1.28,morning,0,2025-09-14T10:14:17.664419
"Kandy,LK",27.89,59,3.48,0.0,0.95,morning,0,2025-09-14T10:14:20.360652
"Galle,LK",28.41,78,6.24,0.0,2.71,morning,0,2025-09-14T10:14:23.185513
"Galle,LK",28.41,78,6.24,0.0,1.42,morning,0,2025-09-14T10:14:25.795271
"Galle,LK",28.41,78,6.24,0.0,4.31,morning,0,2025-09-14T10:14:28.365765
"Galle,LK",28.41,78,6.24,0.0,3.4,morning,0,2025-09-14T10:14:30.896716
"Galle,LK",28.41,78,6.24,0.0,3.98,morning,0,2025-09-14T10:14:36.468306
"Galle,LK",28.41,78,6.24,0.0,4.22,morning,0,2025-09-14T10:14:39.134082
"Galle,LK",28.41,78,6.24,0.0,3.18,morning,0,2025-09-14T10:14:42.273395
"Galle,LK",28.41,78,6.24,0.0,5.38,morning,1,2025-09-14T10:14:48.497486
"Galle,LK",28.41,78,6.24,0.0,1.2,morning,0,2025-09-14T10:14:51.053173
"Galle,LK",28.41,78,6.24,0.0,2.97,morning,0,2025-09-14T10:14:53.688815
"Jaffna,LK",28.89,74,7.57,0.0,0.66,morning,0,2025-09-14T10:14:56.269008
"Jaffna,LK",28.89,74,7.57,0.0,1.02,morning,0,2025-09-14T10:14:59.254822
"Jaffna,LK",28.89,74,7.57,0.0,3.86,morning,0,2025-09-14T10:15:01.764228
"Jaffna,LK",28.89,74,7.57,0.0,3.72,morning,0,2025-09-14T10:15:04.038988
"Jaffna,LK",28.89,74,7.57,0.0,3.32,morning,0,2025-09-14T10:15:07.353482
"Jaffna,LK",28.89,74,7.57,0.0,5.08,morning,1,2025-09-14T10:15:09.629111
"Jaffna,LK",28.89,74,7.57,0.0,1.78,morning,0,2025-09-14T10:15:11.873221
"Jaffna,LK",28.89,74,7.57,0.0,3.82,morning,0,2025-09-14T10:15:14.143849
"Jaffna,LK",28.89,74,7.57,0.0,1.27,morning,0,2025-09-14T10:15:16.359643
"Jaffna,LK",28.89,74,7.57,0.0,0.72,morning,0,2025-09-14T10:15:18.572149
"Anuradhapura,LK",32.06,50,7.1,0.0,2.18,morning,0,2025-09-14T10:15:20.800615
"Anuradhapura,LK",32.06,50,7.1,0.0,4.42,morning,0,2025-09-14T10:15:23.002681
"Anuradhapura,LK",32.06,50,7.1,0.0,2.35,morning,0,2025-09-14T10:15:25.227235
"Anuradhapura,LK",32.06,50,7.1,0.0,3.6,morning,0,2025-09-14T10:15:27.470791
"Anuradhapura,LK",32.06,50,7.1,0.0,2.28,morning,0,2025-09-14T10:15:29.664961
"Anuradhapura,LK",32.06,50,7.1,0.0,4.32,morning,0,2025-09-14T10:15:31.887303
"Anuradhapura,LK",32.06,50,7.1,0.0,3.22,morning,0,2025-09-14T10:15:34.111217
"Anuradhapura,LK",32.06,50,7.1,0.0,4.32,morning,0,2025-09-14T10:15:36.288681
"Anuradhapura,LK",32.06,50,7.1,0.0,5.4,morning,1,2025-09-14T10:15:38.483345
"Anuradhapura,LK",32.06,50,7.1,0.0,4.83,morning,0,2025-09-14T10:15:40.707158
"Nuwara Eliya,LK",18.89,59,3.09,0.0,1.75,morning,0,2025-09-14T10:15:42.913230
"Nuwara Eliya,LK",18.89,59,3.09,0.0,1.43,morning,0,2025-09-14T10:15:45.104145
"Nuwara Eliya,LK",18.89,59,3.09,0.0,2.03,morning,0,2025-09-14T10:15:47.282998
"Nuwara Eliya,LK",18.89,59,3.09,0.0,4.63,morning,0,2025-09-14T10:15:49.489252
"Nuwara Eliya,LK",18.89,59,3.09,0.0,2.3,morning,0,2025-09-14T10:15:51.719331
"Nuwara Eliya,LK",18.89,59,3.09,0.0,3.72,morning,0,2025-09-14T10:15:53.918138
"Nuwara Eliya,LK",18.89,59,3.09,0.0,5.15,morning,1,2025-09-14T10:15:56.131540
"Nuwara Eliya,LK",18.89,59,3.09,0.0,2.14,morning,0,2025-09-14T10:15:58.368003
"Nuwara Eliya,LK",18.89,59,3.09,0.0,2.25,morning,0,2025-09-14T10:16:00.609247
"Nuwara Eliya,LK",18.89,59,3.09,0.0,5.21,morning,1,2025-09-14T10:16:02.871032
"Nawalapitiya,LK",26.25,62,2.69,0.0,1.01,morning,0,2025-09-14T10:16:05.378363
"Nawalapitiya,LK",26.25,62,2.69,0.0,0.81,morning,0,2025-09-14T10:16:07.927273
"Nawalapitiya,LK",26.25,62,2.69,0.0,3.17,morning,0,2025-09-14T10:16:10.464872
"Nawalapitiya,LK",26.25,62,2.69,0.0,3.77,morning,0,2025-09-14T10:16:12.994398
"Nawalapitiya,LK",26.25,62,2.69,0.0,4.69,morning,0,2025-09-14T10:16:15.539090
"Nawalapitiya,LK",26.25,62,2.69,0.0,4.53,morning,0,2025-09-14T10:16:18.073587
"Nawalapitiya,LK",26.25,62,2.69,0.0,3.51,morning,0,2025-09-14T10:16:20.589646
"Nawalapitiya,LK",26.25,62,2.69,0.0,0.83,morning,0,2025-09-14T10:16:23.107876
"Nawalapitiya,LK",26.25,62,2.69,0.0,5.19,morning,1,2025-09-14T10:16:25.611983
"Nawalapitiya,LK",26.25,62,2.69,0.0,4.76,morning,0,2025-09-14T10:16:28.126292
"Hatton,LK",23.25,64,3.71,0.0,5.14,morning,1,2025-09-14T10:16:31.267984
"Hatton,LK",23.25,64,3.71,0.0,1.87,morning,0,2025-09-14T10:16:34.778863
"Hatton,LK",23.25,64,3.71,0.0,1.17,morning,0,2025-09-14T10:16:37.297747
"Hatton,LK",23.25,64,3.71,0.0,1.32,morning,0,2025-09-14T10:16:39.787490
"Hatton,LK",23.25,64,3.71,0.0,3.26,morning,0,2025-09-14T10:16:42.273016
"Hatton,LK",23.25,64,3.71,0.0,2.31,morning,0,2025-09-14T10:16:44.791913
"Hatton,LK",23.25,64,3.71,0.0,4.92,morning,0,2025-09-14T10:16:47.306607
"Hatton,LK",23.25,64,3.71,0.0,5.42,morning,1,2025-09-14T10:16:49.822183
"Hatton,LK",23.25,64,3.71,0.0,4.25,morning,0,2025-09-14T10:16:52.378604
"Hatton,LK",23.25,64,3.71,0.0,1.84,morning,0,2025-09-14T10:16:54.914251
"Colombo,LK",31.13,64,4.89,0.0,3.52,morning,0,2025-09-14T10:36:35.602225
"Colombo,LK",31.13,64,4.89,0.0,4.8,morning,0,2025-09-14T10:36:37.908642
"Colombo,LK",31.13,64,4.89,0.0,5.34,morning,1,2025-09-14T10:36:40.160139
"Colombo,LK",31.13,64,4.89,0.0,3.14,morning,0,2025-09-14T10:36:42.537778
"Colombo,LK",31.13,64,4.89,0.0,0.96,morning,0,2025-09-14T10:36:44.833107
"Colombo,LK",31.13,64,4.89,0.0,4.26,morning,0,2025-09-14T10:36:47.189506
"Colombo,LK",31.13,64,4.89,0.0,2.18,morning,0,2025-09-14T10:36:49.861340
"Colombo,LK",31.13,64,4.89,0.0,2.78,morning,0,2025-09-14T10:36:52.064844
"Colombo,LK",31.13,64,4.89,0.0,2.44,morning,0,2025-09-14T10:36:54.361579
"Colombo,LK",31.13,64,4.89,0.0,3.83,morning,0,2025-09-14T10:36:56.614751
"Malabe,LK",31.09,63,2.68,0.0,5.23,morning,1,2025-09-14T10:36:58.944198
"Malabe,LK",31.09,63,2.68,0.0,3.37,morning,0,2025-09-14T10:37:01.170598
"Malabe,LK",31.09,63,2.68,0.0,4.56,morning,0,2025-09-14T10:37:03.392726
"Malabe,LK",31.09,63,2.68,0.0,4.05,morning,0,2025-09-14T10:37:05.760500
"Malabe,LK",31.09,63,2.68,0.0,4.29,morning,0,2025-09-14T10:37:08.034605
"Malabe,LK",31.09,63,2.68,0.0,4.96,morning,0,2025-09-14T10:37:10.347273
"Malabe,LK",31.09,63,2.68,0.0,3.07,morning,0,2025-09-14T10:37:12.594927
"Malabe,LK",31.09,63,2.68,0.0,1.01,morning,0,2025-09-14T10:37:14.857217
"Malabe,LK",31.09,63,2.68,0.0,3.18,morning,0,2025-09-14T10:37:17.088606
"Malabe,LK",31.09,63,2.68,0.0,4.94,morning,0,2025-09-14T10:37:19.311139
"Kandy,LK",27.89,59,3.48,0.0,3.01,morning,0,2025-09-14T10:37:21.709074
"Kandy,LK",27.89,59,3.48,0.0,0.61,morning,0,2025-09-14T10:37:23.939834
"Kandy,LK",27.89,59,3.48,0.0,1.02,morning,0,2025-09-14T10:37:26.198339
"Kandy,LK",27.89,59,3.48,0.0,1.45,morning,0,2025-09-14T10:37:28.485821
"Kandy,LK",27.89,59,3.48,0.0,3.15,morning,0,2025-09-14T10:37:30.713416
"Kandy,LK",27.89,59,3.48,0.0,1.85,morning,0,2025-09-14T10:37:32.947942
"Kandy,LK",27.89,59,3.48,0.0,0.61,morning,0,2025-09-14T10:37:35.202654
"Kandy,LK",27.89,59,3.48,0.0,4.32,morning,0,2025-09-14T10:37:37.483738
"Kandy,LK",27.89,59,3.48,0.0,1.27,morning,0,2025-09-14T10:37:39.711819
"Kandy,LK",27.89,59,3.48,0.0,3.83,morning,0,2025-09-14T10:37:41.935672
"Galle,LK",28.45,77,6.24,0.0,2.5,morning,0,2025-09-14T10:37:44.229149
"Galle,LK",28.45,77,6.24,0.0,2.34,morning,0,2025-09-14T10:37:46.436835
"Galle,LK",28.45,77,6.24,0.0,1.91,morning,0,2025-09-14T10:37:48.686996
"Galle,LK",28.45,77,6.24,0.0,0.77,morning,0,2025-09-14T10:37:51.201208
"Galle,LK",28.45,77,6.24,0.0,1.14,morning,0,2025-09-14T10:37:53.477443
"Galle,LK",28.45,77,6.24,0.0,0.65,morning,0,2025-09-14T10:37:55.724407
"Galle,LK",28.45,77,6.24,0.0,3.18,morning,0,2025-09-14T10:37:58.107513
"Galle,LK",28.45,77,6.24,0.0,5.39,morning,1,2025-09-14T10:38:00.395572
"Galle,LK",28.45,77,6.24,0.0,3.07,morning,0,2025-09-14T10:38:02.647605
"Galle,LK",28.45,77,6.24,0.0,5.04,morning,1,2025-09-14T10:38:04.860996
"Jaffna,LK",28.89,74,7.57,0.0,1.95,morning,0,2025-09-14T10:38:07.107125
"Jaffna,LK",28.89,74,7.57,0.0,1.2,morning,0,2025-09-14T10:38:09.369310
"Jaffna,LK",28.89,74,7.57,0.0,1.4,morning,0,2025-09-14T10:38:11.615949
"Jaffna,LK",28.89,74,7.57,0.0,3.46,morning,0,2025-09-14T10:38:13.861501
"Jaffna,LK",28.89,74,7.57,0.0,3.13,morning,0,2025-09-14T10:38:16.106747
"Jaffna,LK",28.89,74,7.57,0.0,1.1,morning,0,2025-09-14T10:38:18.381221
"Jaffna,LK",28.89,74,7.57,0.0,4.78,morning,0,2025-09-14T10:38:20.660522
"Jaffna,LK",28.89,74,7.57,0.0,1.69,morning,0,2025-09-14T10:38:22.904754
"Jaffna,LK",28.89,74,7.57,0.0,3.95,morning,0,2025-09-14T10:38:25.136739
"Jaffna,LK",28.89,74,7.57,0.0,2.55,morning,0,2025-09-14T10:38:27.408143
"Anuradhapura,LK",32.06,50,7.1,0.0,3.26,morning,0,2025-09-14T10:38:29.781056
"Anuradhapura,LK",32.06,50,7.1,0.0,4.51,morning,0,2025-09-14T10:38:32.542242
"Anuradhapura,LK",32.06,50,7.1,0.0,4.62,morning,0,2025-09-14T10:38:34.864028
"Anuradhapura,LK",32.06,50,7.1,0.0,4.23,morning,0,2025-09-14T10:38:37.172996
"Anuradhapura,LK",32.06,50,7.1,0.0,3.37,morning,0,2025-09-14T10:38:39.550843
"Anuradhapura,LK",32.06,50,7.1,0.0,1.48,morning,0,2025-09-14T10:38:41.850777
"Anuradhapura,LK",32.06,50,7.1,0.0,1.72,morning,0,2025-09-14T10:38:44.172618
"Anuradhapura,LK",32.06,50,7.1,0.0,3.57,morning,0,2025-09-14T10:38:46.433140
"Anuradhapura,LK",32.06,50,7.1,0.0,1.89,morning,0,2025-09-14T10:38:48.753666
"Anuradhapura,LK",32.06,50,7.1,0.0,5.32,morning,1,2025-09-14T10:38:51.025542
"Nuwara Eliya,LK",18.87,59,3.09,0.0,5.29,morning,1,2025-09-14T10:38:53.388854
"Nuwara Eliya,LK",18.87,59,3.09,0.0,2.52,morning,0,2025-09-14T10:38:55.767072
"Nuwara Eliya,LK",18.87,59,3.09,0.0,2.6,morning,0,2025-09-14T10:38:57.999585
"Nuwara Eliya,LK",18.87,59,3.09,0.0,2.15,morning,0,2025-09-14T10:39:00.225431
"Nuwara Eliya,LK",18.87,59,3.09,0.0,1.15,morning,0,2025-09-14T10:39:02.438733
"Nuwara Eliya,LK",18.87,59,3.09,0.0,5.35,morning,1,2025-09-14T10:39:04.728773
"Nuwara Eliya,LK",18.87,59,3.09,0.0,5.02,morning,1,2025-09-14T10:39:07.101226
"Nuwara Eliya,LK",18.87,59,3.09,0.0,3.8,morning,0,2025-09-14T10:39:09.339442
"Nuwara Eliya,LK",18.87,59,3.09,0.0,3.12,morning,0,2025-09-14T10:39:11.618827
"Nuwara Eliya,LK",18.87,59,3.09,0.0,5.36,morning,1,2025-09-14T10:39:13.902038
"Nawalapitiya,LK",26.25,62,2.69,0.0,2.64,morning,0,2025-09-14T10:39:16.161269
"Nawalapitiya,LK",26.25,62,2.69,0.0,2.04,morning,0,2025-09-14T10:39:18.407914
"Nawalapitiya,LK",26.25,62,2.69,0.0,5.27,morning,1,2025-09-14T10:39:20.815682
"Nawalapitiya,LK",26.25,62,2.69,0.0,3.22,morning,0,2025-09-14T10:39:23.029743
"Nawalapitiya,LK",26.25,62,2.69,0.0,2.26,morning,0,2025-09-14T10:39:25.302533
"Nawalapitiya,LK",26.25,62,2.69,0.0,3.27,morning,0,2025-09-14T10:39:27.516140
"Nawalapitiya,LK",26.25,62,2.69,0.0,0.86,morning,0,2025-09-14T10:39:29.888033
"Nawalapitiya,LK",26.25,62,2.69,0.0,1.23,morning,0,2025-09-14T10:39:32.200520
"Nawalapitiya,LK",26.25,62,2.69,0.0,1.79,morning,0,2025-09-14T10:39:34.957271
"Nawalapitiya,LK",26.25,62,2.69,0.0,2.33,morning,0,2025-09-14T10:39:37.267843
"Hatton,LK",23.25,64,3.71,0.0,1.3,morning,0,2025-09-14T10:39:39.589631
"Hatton,LK",23.25,64,3.71,0.0,3.59,morning,0,2025-09-14T10:39:42.011122
"Hatton,LK",23.25,64,3.71,0.0,1.9,morning,0,2025-09-14T10:39:44.278740
"Hatton,LK",23.25,64,3.71,0.0,4.55,morning,0,2025-09-14T10:39:46.745441
"Hatton,LK",23.25,64,3.71,0.0,3.71,morning,0,2025-09-14T10:39:49.033523
"Hatton,LK",23.25,64,3.71,0.0,2.94,morning,0,2025-09-14T10:39:51.278336
"Hatton,LK",23.25,64,3.71,0.0,1.9,morning,0,2025-09-14T10:39:53.527841
"Hatton,LK",23.25,64,3.71,0.0,3.12,morning,0,2025-09-14T10:39:55.782036
"Hatton,LK",23.25,64,3.71,0.0,3.43,morning,0,2025-09-14T10:39:58.011740
"Hatton,LK",23.25,64,3.71,0.0,2.3,morning,0,2025-09-14T10:40:00.206204
"Colombo,LK",31.13,65,4.89,0.0,3.8,morning,0,2025-09-14T10:47:52.931125
"Colombo,LK",31.13,65,4.89,0.0,1.38,morning,0,2025-09-14T10:47:55.135017
"Colombo,LK",31.13,65,4.89,0.0,4.39,morning,0,2025-09-14T10:47:57.357157
"Colombo,LK",31.13,65,4.89,0.0,2.81,morning,0,2025-09-14T10:47:59.721393
"Colombo,LK",31.13,65,4.89,0.0,2.39,morning,0,2025-09-14T10:48:03.049852
"Colombo,LK",31.13,65,4.89,0.0,1.48,morning,0,2025-09-14T10:48:05.301271
"Colombo,LK",31.13,65,4.89,0.0,4.22,morning,0,2025-09-14T10:48:07.518433
"Colombo,LK",31.13,65,4.89,0.0,4.43,morning,0,2025-09-14T10:48:09.809851
"Colombo,LK",31.13,65,4.89,0.0,1.39,morning,0,2025-09-14T10:48:12.152383
"Colombo,LK",31.13,65,4.89,0.0,2.41,morning,0,2025-09-14T10:48:14.408156
"Malabe,LK",31.09,66,3.58,0.0,4.28,morning,0,2025-09-14T10:48:16.650242
"Malabe,LK",31.09,66,3.58,0.0,2.74,morning,0,2025-09-14T10:48:18.945188
"Malabe,LK",31.09,66,3.58,0.0,3.03,morning,0,2025-09-14T10:48:21.221538
"Malabe,LK",31.09,66,3.58,0.0,4.59,morning,0,2025-09-14T10:48:23.435660
"Malabe,LK",31.09,66,3.58,0.0,4.57,morning,0,2025-09-14T10:48:25.648582
"Malabe,LK",31.09,66,3.58,0.0,2.24,morning,0,2025-09-14T10:48:27.864102
"Malabe,LK",31.09,66,3.58,0.0,2.7,morning,0,2025-09-14T10:48:30.077774
"Malabe,LK",31.09,66,3.58,0.0,3.56,morning,0,2025-09-14T10:48:32.310777
"Malabe,LK",31.09,66,3.58,0.0,1.69,morning,0,2025-09-14T10:48:34.561989
"Malabe,LK",31.09,66,3.58,0.0,1.03,morning,0,2025-09-14T10:48:36.777422
"Kandy,LK",27.89,59,3.48,0.0,4.59,morning,0,2025-09-14T10:48:39.066379
"Kandy,LK",27.89,59,3.48,0.0,5.0,morning,0,2025-09-14T10:48:41.285751
"Kandy,LK",27.89,59,3.48,0.0,3.47,morning,0,2025-09-14T10:48:43.557929
"Kandy,LK",27.89,59,3.48,0.0,2.05,morning,0,2025-09-14T10:48:45.825225
"Kandy,LK",27.89,59,3.48,0.0,3.16,morning,0,2025-09-14T10:48:48.021973
"Kandy,LK",27.89,59,3.48,0.0,1.94,morning,0,2025-09-14T10:48:50.259014
"Kandy,LK",27.89,59,3.48,0.0,3.72,morning,0,2025-09-14T10:48:52.478583
"Kandy,LK",27.89,59,3.48,0.0,0.97,morning,0,2025-09-14T10:48:54.884631
"Kandy,LK",27.89,59,3.48,0.0,5.26,morning,1,2025-09-14T10:48:57.141041
"Kandy,LK",27.89,59,3.48,0.0,3.62,morning,0,2025-09-14T10:48:59.412100
"Galle,LK",28.45,77,6.24,0.0,1.69,morning,0,2025-09-14T10:49:01.703461
"Galle,LK",28.45,77,6.24,0.0,0.54,morning,0,2025-09-14T10:49:03.987079
"Galle,LK",28.45,77,6.24,0.0,4.12,morning,0,2025-09-14T10:49:06.329041
"Galle,LK",28.45,77,6.24,0.0,5.01,morning,1,2025-09-14T10:49:08.778008
"Galle,LK",28.45,77,6.24,0.0,3.57,morning,0,2025-09-14T10:49:10.993644
"Galle,LK",28.45,77,6.24,0.0,4.39,morning,0,2025-09-14T10:49:13.385433
"Galle,LK",28.45,77,6.24,0.0,4.31,morning,0,2025-09-14T10:49:15.672566
"Galle,LK",28.45,77,6.24,0.0,3.1,morning,0,2025-09-14T10:49:17.895798
"Galle,LK",28.45,77,6.24,0.0,4.2,morning,0,2025-09-14T10:49:20.211427
"Galle,LK",28.45,77,6.24,0.0,4.36,morning,0,2025-09-14T10:49:22.468793
"Jaffna,LK",28.89,74,7.57,0.0,4.17,morning,0,2025-09-14T10:49:24.696701
"Jaffna,LK",28.89,74,7.57,0.0,4.15,morning,0,2025-09-14T10:49:26.910367
"Jaffna,LK",28.89,74,7.57,0.0,1.33,morning,0,2025-09-14T10:49:29.209667
"Jaffna,LK",28.89,74,7.57,0.0,4.55,morning,0,2025-09-14T10:49:31.461404
"Jaffna,LK",28.89,74,7.57,0.0,5.34,morning,1,2025-09-14T10:49:33.718720
"Jaffna,LK",28.89,74,7.57,0.0,4.55,morning,0,2025-09-14T10:49:35.933087
"Jaffna,LK",28.89,74,7.57,0.0,3.83,morning,0,2025-09-14T10:49:38.188340
"Jaffna,LK",28.89,74,7.57,0.0,4.34,morning,0,2025-09-14T10:49:40.416523
"Jaffna,LK",28.89,74,7.57,0.0,1.68,morning,0,2025-09-14T10:49:42.742580
"Jaffna,LK",28.89,74,7.57,0.0,5.07,morning,1,2025-09-14T10:49:45.005899
"Anuradhapura,LK",32.07,50,7.1,0.0,1.46,morning,0,2025-09-14T10:49:47.313770
"Anuradhapura,LK",32.07,50,7.1,0.0,5.5,morning,1,2025-09-14T10:49:49.685751
"Anuradhapura,LK",32.07,50,7.1,0.0,3.09,morning,0,2025-09-14T10:49:52.370701
"Anuradhapura,LK",32.07,50,7.1,0.0,2.81,morning,0,2025-09-14T10:49:54.726474
"Anuradhapura,LK",32.07,50,7.1,0.0,3.21,morning,0,2025-09-14T10:49:57.013422
"Anuradhapura,LK",32.07,50,7.1,0.0,2.3,morning,0,2025-09-14T10:49:59.235667
"Anuradhapura,LK",32.07,50,7.1,0.0,4.1,morning,0,2025-09-14T10:50:01.577540
"Anuradhapura,LK",32.07,50,7.1,0.0,4.41,morning,0,2025-09-14T10:50:03.829551
"Anuradhapura,LK",32.07,50,7.1,0.0,0.55,morning,0,2025-09-14T10:50:06.275624
"Anuradhapura,LK",32.07,50,7.1,0.0,2.04,morning,0,2025-09-14T10:50:08.871725
"Nuwara Eliya,LK",18.94,59,3.09,0.0,1.97,morning,0,2025-09-14T10:50:11.209516
"Nuwara Eliya,LK",18.94,59,3.09,0.0,5.21,morning,1,2025-09-14T10:50:13.468181
"Nuwara Eliya,LK",18.94,59,3.09,0.0,3.38,morning,0,2025-09-14T10:50:15.724664
"Nuwara Eliya,LK",18.94,59,3.09,0.0,3.13,morning,0,2025-09-14T10:50:18.333926
"Nuwara Eliya,LK",18.94,59,3.09,0.0,3.66,morning,0,2025-09-14T10:50:20.733172
"Nuwara Eliya,LK",18.94,59,3.09,0.0,4.81,morning,0,2025-09-14T10:50:22.963865
"Nuwara Eliya,LK",18.94,59,3.09,0.0,5.5,morning,1,2025-09-14T10:50:25.231615
"Nuwara Eliya,LK",18.94,59,3.09,0.0,5.14,morning,1,2025-09-14T10:50:27.442662
"Nuwara Eliya,LK",18.94,59,3.09,0.0,3.83,morning,0,2025-09-14T10:50:29.968460
"Nuwara Eliya,LK",18.94,59,3.09,0.0,3.79,morning,0,2025-09-14T10:50:32.504354
"Nawalapitiya,LK",26.24,62,2.69,0.0,2.06,morning,0,2025-09-14T10:50:34.913146
"Nawalapitiya,LK",26.24,62,2.69,0.0,2.9,morning,0,2025-09-14T10:50:37.322365
"Nawalapitiya,LK",26.24,62,2.69,0.0,5.32,morning,1,2025-09-14T10:50:39.619007
"Nawalapitiya,LK",26.24,62,2.69,0.0,3.44,morning,0,2025-09-14T10:50:41.839169
"Nawalapitiya,LK",26.24,62,2.69,0.0,1.79,morning,0,2025-09-14T10:50:44.140278
"Nawalapitiya,LK",26.24,62,2.69,0.0,1.99,morning,0,2025-09-14T10:50:46.399758
"Nawalapitiya,LK",26.24,62,2.69,0.0,3.46,morning,0,2025-09-14T10:50:48.693499
"Nawalapitiya,LK",26.24,62,2.69,0.0,3.85,morning,0,2025-09-14T10:50:50.949743
"Nawalapitiya,LK",26.24,62,2.69,0.0,5.38,morning,1,2025-09-14T10:50:53.213585
"Nawalapitiya,LK",26.24,62,2.69,0.0,3.75,morning,0,2025-09-14T10:50:55.473215
"Hatton,LK",23.26,64,3.71,0.0,3.81,morning,0,2025-09-14T10:50:57.709356
"Hatton,LK",23.26,64,3.71,0.0,4.05,morning,0,2025-09-14T10:50:59.995160
"Hatton,LK",23.26,64,3.71,0.0,1.18,morning,0,2025-09-14T10:51:02.210236
"Hatton,LK",23.26,64,3.71,0.0,2.39,morning,0,2025-09-14T10:51:04.479043
"Hatton,LK",23.26,64,3.71,0.0,5.36,morning,1,2025-09-14T10:51:06.712950
"Hatton,LK",23.26,64,3.71,0.0,2.22,morning,0,2025-09-14T10:51:08.934741
"Hatton,LK",23.26,64,3.71,0.0,4.83,morning,0,2025-09-14T10:51:11.358015
"Hatton,LK",23.26,64,3.71,0.0,3.69,morning,0,2025-09-14T10:51:13.801261
"Hatton,LK",23.26,64,3.71,0.0,1.41,morning,0,2025-09-14T10:51:16.040673
"Hatton,LK",23.26,64,3.71,0.0,4.05,morning,0,2025-09-14T10:51:18.322935
"Colombo,LK",29.97,77,4.89,0.0,2.81,morning,0,2025-09-14T10:57:36.997631
"Colombo,LK",29.97,77,4.89,0.0,2.25,morning,0,2025-09-14T10:57:39.289132
"Colombo,LK",29.97,77,4.89,0.0,3.37,morning,0,2025-09-14T10:57:41.558296
"Colombo,LK",29.97,77,4.89,0.0,0.78,morning,0,2025-09-14T10:57:43.787494
"Colombo,LK",29.97,77,4.89,0.0,3.06,morning,0,2025-09-14T10:57:46.009511
"Colombo,LK",29.97,77,4.89,0.0,3.51,morning,0,2025-09-14T10:57:48.253425
"Colombo,LK",29.97,77,4.89,0.0,5.09,morning,1,2025-09-14T10:57:50.479935
"Colombo,LK",29.97,77,4.89,0.0,2.44,morning,0,2025-09-14T10:57:52.694129
"Colombo,LK",29.97,77,4.89,0.0,1.03,morning,0,2025-09-14T10:57:54.921996
"Colombo,LK",29.97,77,4.89,0.0,1.68,morning,0,2025-09-14T10:57:57.159996
"Malabe,LK",31.09,67,0.45,0.0,1.45,morning,0,2025-09-14T10:57:59.397842
"Malabe,LK",31.09,67,0.45,0.0,2.05,morning,0,2025-09-14T10:58:01.610978
"Malabe,LK",31.09,67,0.45,0.0,4.83,morning,0,2025-09-14T10:58:03.824629
"Malabe,LK",31.09,67,0.45,0.0,4.39,morning,0,2025-09-14T10:58:06.053185
"Malabe,LK",31.09,67,0.45,0.0,3.5,morning,0,2025-09-14T10:58:08.270172
"Malabe,LK",31.09,67,0.45,0.0,0.53,morning,0,2025-09-14T10:58:10.494120
"Malabe,LK",31.09,67,0.45,0.0,3.42,morning,0,2025-09-14T10:58:12.696412
"Malabe,LK",31.09,67,0.45,0.0,2.29,morning,0,2025-09-14T10:58:14.920511
"Malabe,LK",31.09,67,0.45,0.0,0.94,morning,0,2025-09-14T10:58:17.147709
"Malabe,LK",31.09,67,0.45,0.0,3.95,morning,0,2025-09-14T10:58:19.394545
"Kandy,LK",27.89,59,3.48,0.0,0.62,morning,0,2025-09-14T10:58:21.637697
"Kandy,LK",27.89,59,3.48,0.0,4.53,morning,0,2025-09-14T10:58:23.905064
"Kandy,LK",27.89,59,3.48,0.0,4.11,morning,0,2025-09-14T10:58:26.148713
"Kandy,LK",27.89,59,3.48,0.0,1.45,morning,0,2025-09-14T10:58:28.378592
"Kandy,LK",27.89,59,3.48,0.0,3.6,morning,0,2025-09-14T10:58:30.590962
"Kandy,LK",27.89,59,3.48,0.0,3.41,morning,0,2025-09-14T10:58:32.804882
"Kandy,LK",27.89,59,3.48,0.0,3.68,morning,0,2025-09-14T10:58:35.029907
"Kandy,LK",27.89,59,3.48,0.0,3.27,morning,0,2025-09-14T10:58:37.241364
"Kandy,LK",27.89,59,3.48,0.0,4.11,morning,0,2025-09-14T10:58:39.453502
"Kandy,LK",27.89,59,3.48,0.0,5.36,morning,1,2025-09-14T10:58:41.695852
"Galle,LK",28.27,79,6.24,0.0,2.68,morning,0,2025-09-14T10:58:43.932970
"Galle,LK",28.27,79,6.24,0.0,1.21,morning,0,2025-09-14T10:58:46.167422
"Galle,LK",28.27,79,6.24,0.0,3.37,morning,0,2025-09-14T10:58:48.527780
"Galle,LK",28.27,79,6.24,0.0,3.16,morning,0,2025-09-14T10:58:50.869317
"Galle,LK",28.27,79,6.24,0.0,4.63,morning,0,2025-09-14T10:58:53.142561
"Galle,LK",28.27,79,6.24,0.0,2.54,morning,0,2025-09-14T10:58:55.360367
"Galle,LK",28.27,79,6.24,0.0,0.79,morning,0,2025-09-14T10:58:57.640228
"Galle,LK",28.27,79,6.24,0.0,4.12,morning,0,2025-09-14T10:58:59.956117
"Galle,LK",28.27,79,6.24,0.0,4.63,morning,0,2025-09-14T10:59:02.172105
"Galle,LK",28.27,79,6.24,0.0,1.22,morning,0,2025-09-14T10:59:04.384046
"Jaffna,LK",28.89,74,7.57,0.0,2.19,morning,0,2025-09-14T10:59:06.598648
"Jaffna,LK",28.89,74,7.57,0.0,1.06,morning,0,2025-09-14T10:59:08.841623
"Jaffna,LK",28.89,74,7.57,0.0,4.87,morning,0,2025-09-14T10:59:11.066902
"Jaffna,LK",28.89,74,7.57,0.0,1.41,morning,0,2025-09-14T10:59:13.305005
"Jaffna,LK",28.89,74,7.57,0.0,3.62,morning,0,2025-09-14T10:59:15.526399
"Jaffna,LK",28.89,74,7.57,0.0,4.86,morning,0,2025-09-14T10:59:17.839728
"Jaffna,LK",28.89,74,7.57,0.0,4.95,morning,0,2025-09-14T10:59:20.305709
"Jaffna,LK",28.89,74,7.57,0.0,4.06,morning,0,2025-09-14T10:59:22.557522
"Jaffna,LK",28.89,74,7.57,0.0,0.69,morning,0,2025-09-14T10:59:24.789930
"Jaffna,LK",28.89,74,7.57,0.0,4.96,morning,0,2025-09-14T10:59:28.363978
"Anuradhapura,LK",32.07,50,7.1,0.0,2.0,morning,0,2025-09-14T10:59:30.707082
"Anuradhapura,LK",32.07,50,7.1,0.0,2.84,morning,0,2025-09-14T10:59:32.951278
"Anuradhapura,LK",32.07,50,7.1,0.0,4.0,morning,0,2025-09-14T10:59:35.190628
"Anuradhapura,LK",32.07,50,7.1,0.0,1.02,morning,0,2025-09-14T10:59:37.523389
"Anuradhapura,LK",32.07,50,7.1,0.0,1.04,morning,0,2025-09-14T10:59:39.779729
"Anuradhapura,LK",32.07,50,7.1,0.0,3.84,morning,0,2025-09-14T10:59:41.994029
"Anuradhapura,LK",32.07,50,7.1,0.0,2.1,morning,0,2025-09-14T10:59:44.264755
"Anuradhapura,LK",32.07,50,7.1,0.0,0.89,morning,0,2025-09-14T10:59:46.590695
"Anuradhapura,LK",32.07,50,7.1,0.0,3.29,morning,0,2025-09-14T10:59:48.830789
"Anuradhapura,LK",32.07,50,7.1,0.0,4.24,morning,0,2025-09-14T10:59:51.075213
"Nuwara Eliya,LK",18.94,59,3.09,0.0,5.31,morning,1,2025-09-14T10:59:53.321275
"Nuwara Eliya,LK",18.94,59,3.09,0.0,3.95,morning,0,2025-09-14T10:59:55.766330
"Nuwara Eliya,LK",18.94,59,3.09,0.0,4.23,morning,0,2025-09-14T10:59:58.061878
"Nuwara Eliya,LK",18.94,59,3.09,0.0,3.85,morning,0,2025-09-14T11:00:00.472797
"Nuwara Eliya,LK",18.94,59,3.09,0.0,5.01,morning,1,2025-09-14T11:00:02.851447
"Nuwara Eliya,LK",18.94,59,3.09,0.0,3.53,morning,0,2025-09-14T11:00:05.099704
"Nuwara Eliya,LK",18.94,59,3.09,0.0,1.6,morning,0,2025-09-14T11:00:07.385335
"Nuwara Eliya,LK",18.94,59,3.09,0.0,3.63,morning,0,2025-09-14T11:00:09.612443
"Nuwara Eliya,LK",18.94,59,3.09,0.0,1.25,morning,0,2025-09-14T11:00:11.826981
"Nuwara Eliya,LK",18.94,59,3.09,0.0,3.91,morning,0,2025-09-14T11:00:14.075605
"Nawalapitiya,LK",26.52,62,3.18,0.0,0.57,morning,0,2025-09-14T11:00:16.425302
"Nawalapitiya,LK",26.52,62,3.18,0.0,1.08,morning,0,2025-09-14T11:00:18.752346
"Nawalapitiya,LK",26.52,62,3.18,0.0,2.81,morning,0,2025-09-14T11:00:20.988375
"Nawalapitiya,LK",26.52,62,3.18,0.0,1.92,morning,0,2025-09-14T11:00:23.262517
"Nawalapitiya,LK",26.52,62,3.18,0.0,5.26,morning,1,2025-09-14T11:00:25.500333
"Nawalapitiya,LK",26.52,62,3.18,0.0,0.58,morning,0,2025-09-14T11:00:27.729892
"Nawalapitiya,LK",26.52,62,3.18,0.0,4.04,morning,0,2025-09-14T11:00:29.998045
"Nawalapitiya,LK",26.52,62,3.18,0.0,3.02,morning,0,2025-09-14T11:00:32.278624
"Nawalapitiya,LK",26.52,62,3.18,0.0,0.66,morning,0,2025-09-14T11:00:34.540685
"Nawalapitiya,LK",26.52,62,3.18,0.0,2.96,morning,0,2025-09-14T11:00:36.770346
"Hatton,LK",23.58,62,4.05,0.0,1.33,morning,0,2025-09-14T11:00:39.017436
"Hatton,LK",23.58,62,4.05,0.0,2.76,morning,0,2025-09-14T11:00:41.252317
"Hatton,LK",23.58,62,4.05,0.0,1.7,morning,0,2025-09-14T11:00:43.463622
"Hatton,LK",23.58,62,4.05,0.0,4.74,morning,0,2025-09-14T11:00:45.700285
"Hatton,LK",23.58,62,4.05,0.0,3.53,morning,0,2025-09-14T11:00:47.994835
"Hatton,LK",23.58,62,4.05,0.0,0.77,morning,0,2025-09-14T11:00:50.266019
"Hatton,LK",23.58,62,4.05,0.0,3.2,morning,0,2025-09-14T11:00:52.505227
"Hatton,LK",23.58,62,4.05,0.0,2.01,morning,0,2025-09-14T11:00:54.748082
"Hatton,LK",23.58,62,4.05,0.0,5.27,morning,1,2025-09-14T11:00:56.985486
"Hatton,LK",23.58,62,4.05,0.0,4.5,morning,0,2025-09-14T11:00:59.228437
